,Treasury Shares Number,Ordinary Shares Number,Share Issued,Net Debt,Total Debt,Tangible Book Value,Invested Capital,Working Capital,Net Tangible Assets,Capital Lease Obligations,Common Stock Equity,Total Capitalization,Total Equity Gross Minority Interest,Stockholders Equity,Gains Losses Not Affecting Retained Earnings,Other Equity Adjustments,Retained Earnings,Capital Stock,Common Stock,Total Liabilities Net Minority Interest,Total Non Current Liabilities Net Minority Interest,Other Non Current Liabilities,Tradeand Other Payables Non Current,Long Term Debt And Capital Lease Obligation,Long Term Capital Lease Obligation,Long Term Debt,Current Liabilities,Other Current Liabilities,Current Deferred Liabilities,Current Deferred Revenue,Current Debt And Capital Lease Obligation,Current Capital Lease Obligation,Current Debt,Other Current Borrowings,Commercial Paper,Payables And Accrued Expenses,Payables,Total Tax Payable,Income Tax Payable,Accounts Payable,Total Assets,Total Non Current Assets,Other Non Current Assets,Non Current Deferred Assets,Non Current Deferred Taxes Assets,Investments And Advances,Other Investments,Investmentin Financial Assets,Available For Sale Securities,Net PPE,Accumulated Depreciation,Gross PPE,Leases,Other Properties,Machinery Furniture Equipment,Land And Improvements,Properties,Current Assets,Other Current Assets,Inventory,Finished Goods,Raw Materials,Receivables,Other Receivables,Accounts Receivable,Cash Cash Equivalents And Short Term Investments,Other Short Term Investments,Cash And Cash Equivalents,Cash Equivalents,Cash Financial,Symbol,Non Current Deferred Liabilities,Non Current Deferred Revenue,Non Current Deferred Taxes Liabilities,Pensionand Other Post Retirement Benefit Plans Current,Long Term Equity Investment,Goodwill And Other Intangible Assets,Other Intangible Assets,Goodwill,Buildings And Improvements,Hedging Assets Current,Work In Process,Allowance For Doubtful Accounts Receivable,Gross Accounts Receivable,Preferred Stock,Current Accrued Expenses,Construction In Progress,Treasury Stock,Additional Paid In Capital,Current Provisions,Non Current Prepaid Assets,Minority Interest,Non Current Accrued Expenses,Long Term Provisions,Line Of Credit,Restricted Cash,Other Inventories,Dueto Related Parties Current,Prepaid Assets,Taxes Receivable,Investments In Other Ventures Under Equity Method,Assets Held For Sale Current,Non Current Note Receivables,Non Current Accounts Receivable,Loans Receivable,Duefrom Related Parties Current,Dueto Related Parties Non Current,Interest Payable,Other Payable,Duefrom Related Parties Non Current,Other Equity Interest,Foreign Currency Translation Adjustments,Unrealized Gain Loss,Dividends Payable
2024-06-30,,15222259000.0,15222259000.0,75739000000.0,101304000000.0,66708000000.0,168012000000.0,-6189000000.0,66708000000.0,,66708000000.0,152904000000.0,66708000000.0,66708000000.0,-8416000000.0,-8416000000.0,-4726000000.0,79850000000.0,79850000000.0,264904000000.0,133280000000.0,47084000000.0,,86196000000.0,,86196000000.0,131624000000.0,60889000000.0,8053000000.0,8053000000.0,15108000000.0,,15108000000.0,12114000000.0,2994000000.0,47574000000.0,47574000000.0,,,47574000000.0,331612000000.0,206177000000.0,70435000000.0,,,91240000000.0,,91240000000.0,91240000000.0,44502000000.0,-72627000000.0,117129000000.0,,,,,,125435000000.0,14297000000.0,6165000000.0,,,43172000000.0,20377000000.0,22795000000.0,61801000000.0,36236000000.0,25565000000.0,2699000000.0,22866000000.0,AAPL,,,,,,,,,,,,,,,,,,,,,,,,,,,,,,,,,,,,,,,,,,,
2024-03-31,,15337686000.0,15337686000.0,71895000000.0,104590000000.0,74194000000.0,178784000000.0,4594000000.0,74194000000.0,,74194000000.0,166025000000.0,74194000000.0,74194000000.0,-8960000000.0,-8960000000.0,4339000000.0,78815000000.0,78815000000.0,263217000000.0,139395000000.0,47564000000.0,,91831000000.0,,91831000000.0,123822000000.0,57298000000.0,8012000000.0,8012000000.0,12759000000.0,,12759000000.0,10762000000.0,1997000000.0,45753000000.0,45753000000.0,,,45753000000.0,337411000000.0,208995000000.0,70262000000.0,,,95187000000.0,,95187000000.0,95187000000.0,43546000000.0,-71697000000.0,115243000000.0,,,,,,128416000000.0,13884000000.0,6232000000.0,,,41150000000.0,19313000000.0,21837000000.0,67150000000.0,34455000000.0,32695000000.0,4468000000.0,28227000000.0,AAPL,,,,,,,,,,,,,,,,,,,,,,,,,,,,,,,,,,,,,,,,,,,
2023-12-31,0.0,15460223000.0,15460223000.0,67280000000.0,108040000000.0,74100000000.0,182140000000.0,9719000000.0,74100000000.0,,74100000000.0,169188000000.0,74100000000.0,74100000000.0,-9378000000.0,-9378000000.0,8242000000.0,75236000000.0,75236000000.0,279414000000.0,145441000000.0,50353000000.0,,95088000000.0,,95088000000.0,133973000000.0,54611000000.0,8264000000.0,8264000000.0,12952000000.0,,12952000000.0,10954000000.0,1998000000.0,58146000000.0,58146000000.0,,,58146000000.0,353514000000.0,209822000000.0,66681000000.0,,,99475000000.0,,99475000000.0,99475000000.0,43666000000.0,-72510000000.0,116176000000.0,,,,,,143692000000.0,13979000000.0,6511000000.0,,,50102000000.0,26908000000.0,23194000000.0,73100000000.0,32340000000.0,40760000000.0,11218000000.0,29542000000.0,AAPL,,,,,,,,,,,,,,,,,,,,,,,,,,,,,,,,,,,,,,,,,,,
2023-09-30,0.0,15550061000.0,15550061000.0,81123000000.0,123930000000.0,62146000000.0,173234000000.0,-1742000000.0,62146000000.0,12842000000.0,62146000000.0,157427000000.0,62146000000.0,62146000000.0,-11452000000.0,-11452000000.0,-214000000.0,73812000000.0,73812000000.0,290437000000.0,145129000000.0,23124000000.0,15457000000.0,106548000000.0,11267000000.0,95281000000.0,145308000000.0,48435000000.0,8061000000.0,8061000000.0,17382000000.0,1575000000.0,15807000000.0,9822000000.0,5985000000.0,71430000000.0,71430000000.0,8819000000.0,8819000000.0,62611000000.0,352583000000.0,209017000000.0,36245000000.0,17852000000.0,17852000000.0,100544000000.0,,100544000000.0,100544000000.0,54376000000.0,-70884000000.0,125260000000.0,12839000000.0,10661000000.0,78314000000.0,23446000000.0,0.0,143566000000.0,14695000000.0,6331000000.0,,,60985000000.0,31477000000.0,29508000000.0,61555000000.0,31590000000.0,29965000000.0,1606000000.0,28359000000.0,AAPL,,,,,,,,,,,,,,,,,,,,,,,,,,,,,,,,,,,,,,,,,,,
2023-06-30,,15647868000.0,15647868000.0,80872000000.0,109280000000.0,60274000000.0,169554000000.0,-2304000000.0,60274000000.0,,60274000000.0,158345000000.0,60274000000.0,60274000000.0,-11801000000.0,-11801000000.0,1408000000.0,70667000000.0,70667000000.0,274764000000.0,149801000000.0,51730000000.0,,98071000000.0,,98071000000.0,124963000000.0,58897000000.0,8158000000.0,8158000000.0,11209000000.0,,11209000000.0,7216000000.0,3993000000.0,46699000000.0,46699000000.0,,,46699000000.0,335038000000.0,212379000000.0,64768000000.0,,,104061000000.0,,104061000000.0,104061000000.0,43550000000.0,-70787000000.0,114337000000.0,,,,,,122659000000.0,13640000000.0,7351000000.0,3563000000.0,3788000000.0,39186000000.0,19637000000.0,19549000000.0,62482000000.0,34074000000.0,28408000000.0,3071000000.0,25337000000.0,AAPL,,,,,,,,,,,,,,,,,,,,,,,,,,,,,,,,,,,,,,,,,,,
2023-03-31,,,,,,,,,,,,,,,,,,,,,,,,,,,,,,,,,,,,,,,,,,,,,,,,,,,,,,,,,,,,,4103000000.0,3379000000.0,,,,,,,,,AAPL,,,,,,,,,,,,,,,,,,,,,,,,,,,,,,,,,,,,,,,,,,,
2022-12-31,,,,,,,,,,,,,,,,,,,,,,,,,,,,,,,,,,,,,,,,,,,,,,,114095000000.0,,,,,,,,,,,,,,4307000000.0,2513000000.0,,,,,,,,,AAPL,,,,,,,,,,,,,,,,,,,,,,,,,,,,,,,,,,,,,,,,,,,
2024-06-30,,7434000000.0,7434000000.0,33315000000.0,67127000000.0,121660000000.0,320107000000.0,34448000000.0,121660000000.0,15497000000.0,268477000000.0,311165000000.0,268477000000.0,268477000000.0,-5590000000.0,-5590000000.0,173144000000.0,100923000000.0,100923000000.0,243686000000.0,118400000000.0,27064000000.0,27931000000.0,58185000000.0,15497000000.0,42688000000.0,125286000000.0,19185000000.0,57582000000.0,57582000000.0,8942000000.0,,8942000000.0,,,27013000000.0,27013000000.0,5017000000.0,5017000000.0,21996000000.0,512163000000.0,352429000000.0,36460000000.0,,,14600000000.0,,,,154552000000.0,-76421000000.0,230973000000.0,9594000000.0,18961000000.0,100312000000.0,8163000000.0,0.0,159734000000.0,26021000000.0,1246000000.0,845000000.0,394000000.0,56924000000.0,,56924000000.0,75531000000.0,57216000000.0,18315000000.0,6744000000.0,11571000000.0,MSFT,5220000000.0,2602000000.0,2618000000.0,12564000000.0,14600000000.0,146817000000.0,27597000000.0,119220000000.0,93943000000.0,12000000.0,7000000.0,-830000000.0,57754000000.0,,,,,,,,,,,,,,,,,,,,,,,,,,,,,,
2024-03-31,,7432305794.0,7432305794.0,45808000000.0,79911000000.0,105161000000.0,318594000000.0,28655000000.0,105161000000.0,14469000000.0,253152000000.0,295810000000.0,253152000000.0,253152000000.0,-5435000000.0,-5435000000.0,159394000000.0,99193000000.0,99193000000.0,231123000000.0,112598000000.0,23271000000.0,26786000000.0,57127000000.0,14469000000.0,42658000000.0,118525000000.0,18023000000.0,41888000000.0,41888000000.0,22784000000.0,,22784000000.0,2284000000.0,20500000000.0,25398000000.0,25398000000.0,7311000000.0,7311000000.0,18087000000.0,484275000000.0,337095000000.0,35551000000.0,,,14807000000.0,,,,138746000000.0,-74945000000.0,213691000000.0,,213691000000.0,,,,147180000000.0,21826000000.0,1304000000.0,951000000.0,341000000.0,44029000000.0,,44029000000.0,80013000000.0,60379000000.0,19634000000.0,8053000000.0,11581000000.0,MSFT,5414000000.0,2945000000.0,2469000000.0,10432000000.0,14807000000.0,147991000000.0,28828000000.0,119163000000.0,,8000000.0,12000000.0,-616000000.0,44645000000.0,,,,,,,,,,,,,,,,,,,,,,,,,,,,,,
2023-12-31,,7431612107.0,7431612107.0,56914000000.0,88374000000.0,89441000000.0,312487000000.0,26377000000.0,89441000000.0,14155000000.0,238268000000.0,283196000000.0,238268000000.0,238268000000.0,-4949000000.0,-4949000000.0,145737000000.0,97480000000.0,97480000000.0,232290000000.0,111274000000.0,20787000000.0,25890000000.0,59083000000.0,14155000000.0,44928000000.0,121016000000.0,16362000000.0,43068000000.0,43068000000.0,29291000000.0,,29291000000.0,2250000000.0,27041000000.0,23482000000.0,23482000000.0,5787000000.0,5787000000.0,17695000000.0,470558000000.0,323165000000.0,32265000000.0,,,13367000000.0,,,,128706000000.0,-72949000000.0,201655000000.0,,201655000000.0,,,,147393000000.0,21930000000.0,1615000000.0,1221000000.0,382000000.0,42831000000.0,,42831000000.0,80982000000.0,63677000000.0,17305000000.0,7769000000.0,9536000000.0,MSFT,5514000000.0,2966000000.0,2548000000.0,8813000000.0,13367000000.0,148827000000.0,29896000000.0,118931000000.0,,35000000.0,12000000.0,-591000000.0,43422000000.0,,,,,,,,,,,,,,,,,,,,,,,,,,,,,,
2023-09-30,,7431000000.0,7431000000.0,,84989000000.0,144029000000.0,292216000000.0,82794000000.0,144029000000.0,13487000000.0,220714000000.0,262660000000.0,220714000000.0,220714000000.0,-6937000000.0,-6937000000.0,132143000000.0,95508000000.0,95508000000.0,225071000000.0,100279000000.0,18634000000.0,22983000000.0,55433000000.0,13487000000.0,41946000000.0,124792000000.0,14475000000.0,46429000000.0,46429000000.0,29556000000.0,,29556000000.0,,,27342000000.0,27342000000.0,8035000000.0,8035000000.0,19307000000.0,445785000000.0,238199000000.0,32154000000.0,,,11423000000.0,,,,117937000000.0,-69486000000.0,187423000000.0,,187423000000.0,,,,207586000000.0,23682000000.0,3000000000.0,2465000000.0,520000000.0,36953000000.0,,36953000000.0,143945000000.0,63493000000.0,80452000000.0,73074000000.0,7378000000.0,MSFT,3229000000.0,2759000000.0,470000000.0,6990000000.0,11423000000.0,76685000000.0,8895000000.0,67790000000.0,,6000000.0,15000000.0,-512000000.0,37465000000.0,,,,,,,,,,,,,,,,,,,,,,,,,,,,,,
2023-06-30,,7432000000.0,7432000000.0,12533000000.0,59965000000.0,128971000000.0,253460000000.0,80108000000.0,128971000000.0,12728000000.0,206223000000.0,248213000000.0,206223000000.0,206223000000.0,-6343000000.0,-6343000000.0,118848000000.0,93718000000.0,93718000000.0,205753000000.0,101604000000.0,17981000000.0,25560000000.0,54718000000.0,12728000000.0,41990000000.0,104149000000.0,14745000000.0,50901000000.0,50901000000.0,5247000000.0,,5247000000.0,,,22247000000.0,22247000000.0,4152000000.0,4152000000.0,18095000000.0,411976000000.0,227719000000.0,30601000000.0,,,9879000000.0,,,,109987000000.0,-68251000000.0,178238000000.0,8537000000.0,14346000000.0,81207000000.0,5683000000.0,0.0,184257000000.0,21807000000.0,2500000000.0,1768000000.0,709000000.0,48688000000.0,,48688000000.0,111256000000.0,76552000000.0,34704000000.0,26226000000.0,8478000000.0,MSFT,3345000000.0,2912000000.0,433000000.0,11009000000.0,9879000000.0,77252000000.0,9366000000.0,67886000000.0,68465000000.0,6000000.0,23000000.0,-650000000.0,49338000000.0,,,,,,,,,,,,,,,,,,,,,,,,,,,,,,
2023-03-31,,,,21648000000.0,,,,,,,,,,,,,,,,,,,,,,,,,,,,,,,,,,,,,,,,,,,,,,,,,,,,,,,,,,,,,,,,,,,MSFT,,,,,,,,,,,,,,,,,,,,,,,,,,,,,,,,,,,,,,,,,,,
2024-06-30,,12322000000.0,12322000000.0,,27801000000.0,271568000000.0,312629000000.0,84082000000.0,271568000000.0,15925000000.0,300753000000.0,312629000000.0,300753000000.0,300753000000.0,-5012000000.0,-5012000000.0,226033000000.0,79732000000.0,79732000000.0,114017000000.0,36104000000.0,1753000000.0,7703000000.0,24946000000.0,13070000000.0,11876000000.0,77913000000.0,9376000000.0,4251000000.0,4251000000.0,2855000000.0,2855000000.0,,,,50058000000.0,9389000000.0,3297000000.0,3297000000.0,6092000000.0,414770000000.0,252775000000.0,9699000000.0,14958000000.0,14958000000.0,34172000000.0,,34172000000.0,34172000000.0,164761000000.0,-72816000000.0,237577000000.0,12010000000.0,105600000000.0,584000000.0,78641000000.0,0.0,161995000000.0,14183000000.0,,,,47087000000.0,,47087000000.0,100725000000.0,73500000000.0,27225000000.0,15354000000.0,11871000000.0,GOOGL,1702000000.0,985000000.0,717000000.0,11373000000.0,,29185000000.0,,29185000000.0,,,,-850000000.0,47937000000.0,0.0,40669000000.0,40742000000.0,,,,,,,,,,,,,,,,,,,,,,,,,,,
2024-03-31,,12381000000.0,12381000000.0,,28059000000.0,263661000000.0,304717000000.0,88474000000.0,263661000000.0,16186000000.0,292844000000.0,304717000000.0,292844000000.0,292844000000.0,-4839000000.0,-4839000000.0,219770000000.0,77913000000.0,77913000000.0,114506000000.0,37509000000.0,1683000000.0,9234000000.0,25185000000.0,13312000000.0,11873000000.0,76997000000.0,9475000000.0,3973000000.0,3973000000.0,2874000000.0,2874000000.0,,,,50972000000.0,11124000000.0,4926000000.0,4926000000.0,6198000000.0,407350000000.0,241879000000.0,10065000000.0,11687000000.0,11687000000.0,33994000000.0,,33994000000.0,33994000000.0,156950000000.0,-70004000000.0,226954000000.0,11576000000.0,99744000000.0,534000000.0,77421000000.0,0.0,165471000000.0,12829000000.0,,,,44552000000.0,,44552000000.0,108090000000.0,83597000000.0,24493000000.0,12664000000.0,11829000000.0,GOOGL,1407000000.0,921000000.0,486000000.0,9703000000.0,,29183000000.0,,29183000000.0,,,,-745000000.0,45297000000.0,0.0,39848000000.0,37679000000.0,,,,,,,,,,,,,,,,,,,,,,,,,,,
2023-12-31,0.0,12460000000.0,12460000000.0,,28504000000.0,254181000000.0,295249000000.0,89716000000.0,254181000000.0,16634000000.0,283379000000.0,295249000000.0,283379000000.0,283379000000.0,-4402000000.0,-4402000000.0,211247000000.0,76534000000.0,76534000000.0,119013000000.0,37199000000.0,1616000000.0,8474000000.0,25713000000.0,13843000000.0,11870000000.0,81814000000.0,9525000000.0,4137000000.0,4137000000.0,2791000000.0,2791000000.0,,,,50221000000.0,10241000000.0,2748000000.0,2748000000.0,7493000000.0,402392000000.0,230862000000.0,10051000000.0,12169000000.0,12169000000.0,31008000000.0,,31008000000.0,31008000000.0,148436000000.0,-67458000000.0,215894000000.0,11425000000.0,94685000000.0,472000000.0,74083000000.0,0.0,171530000000.0,12650000000.0,,,,47964000000.0,,47964000000.0,110916000000.0,86868000000.0,24048000000.0,,,GOOGL,1396000000.0,911000000.0,485000000.0,15140000000.0,,29198000000.0,,29198000000.0,,,,-771000000.0,48735000000.0,0.0,39980000000.0,35229000000.0,,,,,,,,,,,,,,,,,,,,,,,,,,,
2023-09-30,,12541000000.0,12541000000.0,,29046000000.0,242223000000.0,285069000000.0,90015000000.0,242223000000.0,17179000000.0,273202000000.0,285069000000.0,273202000000.0,273202000000.0,-7036000000.0,-7036000000.0,205647000000.0,74591000000.0,74591000000.0,123509000000.0,37214000000.0,1433000000.0,8038000000.0,26331000000.0,14464000000.0,11867000000.0,86295000000.0,9143000000.0,4303000000.0,4303000000.0,2715000000.0,2715000000.0,,,,57572000000.0,19331000000.0,13528000000.0,13528000000.0,5803000000.0,396711000000.0,220401000000.0,7628000000.0,10983000000.0,10983000000.0,30907000000.0,,30907000000.0,30907000000.0,139904000000.0,-64750000000.0,204654000000.0,11441000000.0,89127000000.0,424000000.0,71357000000.0,0.0,176310000000.0,12398000000.0,2957000000.0,,,41020000000.0,,41020000000.0,119935000000.0,89233000000.0,30702000000.0,21408000000.0,9294000000.0,GOOGL,1412000000.0,884000000.0,528000000.0,12562000000.0,,30979000000.0,1833000000.0,29146000000.0,,,,-832000000.0,41852000000.0,0.0,38241000000.0,32305000000.0,,,,,,,,,,,,,,,,,,,,,,,,,,,
2023-06-30,,12629000000.0,12629000000.0,,29114000000.0,235965000000.0,279005000000.0,91079000000.0,235965000000.0,17250000000.0,267141000000.0,279005000000.0,267141000000.0,267141000000.0,-5991000000.0,-5991000000.0,200884000000.0,72248000000.0,72248000000.0,115903000000.0,38194000000.0,1765000000.0,8753000000.0,26451000000.0,14587000000.0,11864000000.0,77709000000.0,9446000000.0,3846000000.0,3846000000.0,2663000000.0,2663000000.0,,,,50494000000.0,16183000000.0,10870000000.0,10870000000.0,5313000000.0,383044000000.0,214256000000.0,6822000000.0,9357000000.0,9357000000.0,31224000000.0,,31224000000.0,31224000000.0,135677000000.0,-62917000000.0,198594000000.0,11286000000.0,86061000000.0,338000000.0,68890000000.0,0.0,168788000000.0,9421000000.0,2231000000.0,,,38804000000.0,,38804000000.0,118332000000.0,92403000000.0,25929000000.0,17368000000.0,8561000000.0,GOOGL,1225000000.0,667000000.0,558000000.0,11260000000.0,,31176000000.0,1966000000.0,29210000000.0,,,,-836000000.0,39640000000.0,0.0,34311000000.0,32019000000.0,,,,,,,,,,,,,,,,,,,,,,,,,,,
2023-03-31,,,,,,,,,,,,,,,,,,,,,,,,,,,,,,,,,,,,,,,,,,,,,,,,,,,,,,,,,,,,2315000000.0,,,,,,,,,16233000000.0,9691000000.0,GOOGL,,,,,,,1968000000.0,,,,,,,,,,,,,,,,,,,,,,,,,,,,,,,,,,,,
2022-12-31,,,,,,,,,,,,,,,,,,,,,,,,,,,,,,,,,,,,,,,,,,,,,,,,,,,,,,,,,,,,2670000000.0,,,,,,,,,,,GOOGL,,,,,,,2084000000.0,,,,,,,,,,,,,,,,,,,,,,,,,,,,,,,,,,,,
2024-06-30,515000000.0,10490000000.0,11005000000.0,,132973000000.0,213568000000.0,291336000000.0,15135000000.0,213568000000.0,78084000000.0,236447000000.0,291336000000.0,236447000000.0,236447000000.0,-3993000000.0,-3993000000.0,137534000000.0,110000000.0,110000000.0,318371000000.0,160199000000.0,27226000000.0,,132973000000.0,78084000000.0,54889000000.0,158172000000.0,,16004000000.0,16004000000.0,,,,,,142168000000.0,81817000000.0,,,81817000000.0,554818000000.0,381511000000.0,63340000000.0,,,,,,,295292000000.0,,295292000000.0,,295292000000.0,,,,173307000000.0,5906000000.0,34109000000.0,,,44200000000.0,3000000000.0,41200000000.0,89092000000.0,17914000000.0,71178000000.0,,,AMZN,,,,,,22879000000.0,,22879000000.0,,,,,,0.0,60351000000.0,,7837000000.0,110633000000.0,,,,,,,,,,,,,,,,,,,,,,,,,
2024-03-31,515000000.0,10403000000.0,10918000000.0,,134686000000.0,193891000000.0,274295000000.0,11024000000.0,193891000000.0,77052000000.0,216661000000.0,274295000000.0,216661000000.0,216661000000.0,-3598000000.0,-3598000000.0,124049000000.0,109000000.0,109000000.0,314308000000.0,161343000000.0,26657000000.0,,134686000000.0,77052000000.0,57634000000.0,152965000000.0,,15927000000.0,15927000000.0,,,,,,137038000000.0,73068000000.0,,,73068000000.0,530969000000.0,366980000000.0,60947000000.0,,,,,,,283263000000.0,,283263000000.0,,283263000000.0,,,,163989000000.0,5568000000.0,31147000000.0,,,42200000000.0,3100000000.0,39100000000.0,85074000000.0,12222000000.0,72852000000.0,,,AMZN,,,,,,22770000000.0,,22770000000.0,,,,,,0.0,63970000000.0,,7837000000.0,103938000000.0,,,,,,,,,,,,,,,,,,,,,,,,,
2023-12-31,515000000.0,10383000000.0,10898000000.0,,135611000000.0,171399000000.0,260189000000.0,7434000000.0,171399000000.0,77297000000.0,201875000000.0,260189000000.0,201875000000.0,201875000000.0,-3040000000.0,-3040000000.0,113618000000.0,109000000.0,109000000.0,325979000000.0,161062000000.0,25451000000.0,,135611000000.0,77297000000.0,58314000000.0,164917000000.0,,15227000000.0,15227000000.0,,,,,,149690000000.0,84981000000.0,,,84981000000.0,527854000000.0,355503000000.0,48337000000.0,,,,,,,276690000000.0,-120111000000.0,396801000000.0,,262668000000.0,,105293000000.0,105293000000.0,172351000000.0,,33318000000.0,,,52253000000.0,,52253000000.0,86780000000.0,13393000000.0,73387000000.0,,,AMZN,,,,,,30476000000.0,7687000000.0,22789000000.0,,,,-1700000000.0,53953000000.0,0.0,64709000000.0,28840000000.0,7837000000.0,99025000000.0,,,,,,,,,,,,,,,,,,,,,,,,,
2023-09-30,515000000.0,10330000000.0,10845000000.0,11493000000.0,136989000000.0,160224000000.0,244071000000.0,-2219000000.0,160224000000.0,75891000000.0,182973000000.0,244071000000.0,182973000000.0,182973000000.0,-5003000000.0,-5003000000.0,102994000000.0,108000000.0,108000000.0,303910000000.0,158696000000.0,21707000000.0,,136989000000.0,75891000000.0,61098000000.0,145214000000.0,,14398000000.0,14398000000.0,,,,,,130816000000.0,72004000000.0,,,72004000000.0,486883000000.0,343888000000.0,53913000000.0,,,,,,,267226000000.0,,267226000000.0,,267226000000.0,,,,142995000000.0,5320000000.0,35406000000.0,35406000000.0,,38100000000.0,2500000000.0,35600000000.0,64169000000.0,14564000000.0,49605000000.0,,,AMZN,,,,,,22749000000.0,,22749000000.0,,,,,,0.0,58812000000.0,,7837000000.0,92711000000.0,,,,,,,,,,,,,,,,,,,,,,,,,
2023-06-30,515000000.0,10313000000.0,10828000000.0,13563000000.0,138914000000.0,145817000000.0,231694000000.0,-7756000000.0,145817000000.0,75822000000.0,168602000000.0,231694000000.0,168602000000.0,168602000000.0,-3680000000.0,-3680000000.0,93115000000.0,108000000.0,108000000.0,309005000000.0,160767000000.0,21853000000.0,,138914000000.0,75822000000.0,63092000000.0,148238000000.0,,14522000000.0,14522000000.0,,,,,,133716000000.0,69481000000.0,,,69481000000.0,477607000000.0,337125000000.0,50224000000.0,,,,,,,264116000000.0,,264116000000.0,,264116000000.0,,,,140482000000.0,,36587000000.0,36587000000.0,,39925000000.0,,39925000000.0,63970000000.0,14441000000.0,49529000000.0,,,AMZN,,,,,,22785000000.0,,22785000000.0,,,,-1500000000.0,41425000000.0,0.0,64235000000.0,,7837000000.0,86896000000.0,,,,,,,,,,,,,,,,,,,,,,,,,
2023-03-31,,,,17741000000.0,,,,,,,,,,,,,,,,,,,,,,,,,,,,,,,,,,,,,,,,,,,,,,,,,,,,,,,,,34170000000.0,,,,,,,,,,AMZN,,,,,,,,,,,,-1400000000.0,39046000000.0,,,,,,,,,,,,,,,,,,,,,,,,,,,,,,
2022-12-31,,,,13262000000.0,,,,,,,,,,,,,,,,,,,,,,,,,,,,,,,,,,,,,,,,,,,,,,,-97015000000.0,,,,,91650000000.0,91650000000.0,,,,,,,,,,,,,,AMZN,,,,,,,6097000000.0,,,,,-1400000000.0,43760000000.0,,,30020000000.0,,,,,,,,,,,,,,,,,,,,,,,,,,,
2024-04-30,,24598341970.0,24598341970.0,2123000000.0,11237000000.0,43703000000.0,58852000000.0,38506000000.0,43703000000.0,1527000000.0,49142000000.0,57602000000.0,49142000000.0,49142000000.0,-109000000.0,-109000000.0,36598000000.0,2000000.0,2000000.0,27930000000.0,12707000000.0,66000000.0,1613000000.0,9741000000.0,1281000000.0,8460000000.0,15223000000.0,150000000.0,845000000.0,845000000.0,1496000000.0,246000000.0,1250000000.0,1250000000.0,,12089000000.0,6596000000.0,3881000000.0,,2715000000.0,77072000000.0,23343000000.0,228000000.0,7798000000.0,7798000000.0,1750000000.0,1750000000.0,,,5538000000.0,,5538000000.0,,5538000000.0,,,,53729000000.0,4062000000.0,5864000000.0,2248000000.0,1991000000.0,12365000000.0,,12365000000.0,31438000000.0,23851000000.0,7587000000.0,,,NVDA,1287000000.0,704000000.0,583000000.0,,,5439000000.0,986000000.0,4453000000.0,,,1625000000.0,,,0.0,5493000000.0,,,12651000000.0,643000000.0,2590000000.0,,,,,,,,,,,,,,,,,,,,,,,
2024-01-31,,24640000000.0,24640000000.0,2429000000.0,11056000000.0,37436000000.0,52687000000.0,33714000000.0,37436000000.0,1347000000.0,42978000000.0,51437000000.0,42978000000.0,42978000000.0,27000000.0,27000000.0,29817000000.0,2000000.0,2000000.0,22750000000.0,12119000000.0,65000000.0,1441000000.0,9578000000.0,1119000000.0,8459000000.0,10631000000.0,199000000.0,764000000.0,764000000.0,1478000000.0,228000000.0,1250000000.0,1250000000.0,,7775000000.0,2995000000.0,296000000.0,,2699000000.0,65728000000.0,21383000000.0,132000000.0,6081000000.0,6081000000.0,1546000000.0,1546000000.0,,,5260000000.0,-3509000000.0,8769000000.0,,1346000000.0,5200000000.0,218000000.0,0.0,44345000000.0,3080000000.0,5282000000.0,2058000000.0,1719000000.0,9999000000.0,,9999000000.0,25984000000.0,18704000000.0,7280000000.0,,,NVDA,1035000000.0,573000000.0,462000000.0,,,5542000000.0,1112000000.0,4430000000.0,1816000000.0,,1505000000.0,,,0.0,4780000000.0,189000000.0,,13132000000.0,415000000.0,2822000000.0,,,,,,,,,,,,,,,,,,,,,,,
2023-10-31,0.0,24660000000.0,24660000000.0,4187000000.0,11027000000.0,27584000000.0,42971000000.0,23557000000.0,27584000000.0,1321000000.0,33265000000.0,41722000000.0,33265000000.0,33265000000.0,-88000000.0,-88000000.0,20360000000.0,2000000.0,2000000.0,20883000000.0,11782000000.0,66000000.0,1319000000.0,9548000000.0,1091000000.0,8457000000.0,9101000000.0,176000000.0,513000000.0,513000000.0,1479000000.0,230000000.0,1249000000.0,1249000000.0,,6634000000.0,2800000000.0,420000000.0,,2380000000.0,54148000000.0,21490000000.0,139000000.0,5982000000.0,5982000000.0,1172000000.0,1172000000.0,,,5160000000.0,,5160000000.0,,5160000000.0,,,,32658000000.0,1289000000.0,4779000000.0,1778000000.0,1663000000.0,8309000000.0,,8309000000.0,18281000000.0,12762000000.0,5519000000.0,,,NVDA,849000000.0,425000000.0,424000000.0,,,5681000000.0,1251000000.0,4430000000.0,,,1338000000.0,,,0.0,3834000000.0,,,12991000000.0,299000000.0,3356000000.0,,,,,,,,,,,,,,,,,,,,,,,
2023-07-31,,24690000000.0,24690000000.0,3922000000.0,10954000000.0,21676000000.0,37206000000.0,18463000000.0,21676000000.0,1249000000.0,27501000000.0,35957000000.0,27501000000.0,27501000000.0,-51000000.0,-51000000.0,14921000000.0,2000000.0,2000000.0,22054000000.0,11720000000.0,65000000.0,1477000000.0,9497000000.0,1041000000.0,8456000000.0,10334000000.0,201000000.0,421000000.0,421000000.0,1457000000.0,208000000.0,1249000000.0,1249000000.0,,8087000000.0,4732000000.0,2803000000.0,,1929000000.0,49555000000.0,20758000000.0,148000000.0,5398000000.0,5398000000.0,800000000.0,800000000.0,,,5034000000.0,,5034000000.0,,5034000000.0,,,,28797000000.0,1389000000.0,4319000000.0,1629000000.0,1632000000.0,7066000000.0,,7066000000.0,16023000000.0,10240000000.0,5783000000.0,,,NVDA,681000000.0,308000000.0,373000000.0,,,5825000000.0,1395000000.0,4430000000.0,,,1058000000.0,,,0.0,3355000000.0,,,12629000000.0,168000000.0,3553000000.0,,,,,,,,,,,,,,,,,,,,,,,
2023-04-30,,24730000000.0,24730000000.0,5875000000.0,12080000000.0,18549000000.0,35474000000.0,17623000000.0,18549000000.0,1126000000.0,24520000000.0,34224000000.0,24520000000.0,24520000000.0,-50000000.0,-50000000.0,12115000000.0,2000000.0,2000000.0,19940000000.0,12680000000.0,62000000.0,1455000000.0,10643000000.0,939000000.0,9704000000.0,7260000000.0,165000000.0,367000000.0,367000000.0,1437000000.0,187000000.0,1250000000.0,1250000000.0,,5179000000.0,2685000000.0,1544000000.0,,1141000000.0,44460000000.0,19577000000.0,145000000.0,4568000000.0,4568000000.0,505000000.0,505000000.0,,,4834000000.0,,4834000000.0,,4834000000.0,,,,24883000000.0,872000000.0,4611000000.0,1872000000.0,1809000000.0,4080000000.0,,4080000000.0,15320000000.0,10241000000.0,5079000000.0,,,NVDA,520000000.0,230000000.0,290000000.0,,,5971000000.0,1541000000.0,4430000000.0,,,930000000.0,,,0.0,2494000000.0,,,12453000000.0,112000000.0,3554000000.0,,,,,,,,,,,,,,,,,,,,,,,
2023-01-31,,,,,,,,,,,,,,,,,,,,,,,,,,,,,,,,,,,,,,,,,,,,,,,,,,,-2694000000.0,,,,4303000000.0,218000000.0,0.0,,,,,,,,,,,,,,NVDA,,,,,,,,,1598000000.0,,,,,,,382000000.0,,,,,,,,,,,,,,,,,,,,,,,,,,,
2024-06-30,0.0,3194640415.0,3194640415.0,,12515000000.0,66055000000.0,73830000000.0,25248000000.0,66055000000.0,5153000000.0,66468000000.0,71806000000.0,67263000000.0,66468000000.0,-467000000.0,-467000000.0,30489000000.0,3000000.0,3000000.0,45569000000.0,17840000000.0,898000000.0,,9503000000.0,4165000000.0,5338000000.0,27729000000.0,1022000000.0,3742000000.0,3742000000.0,3012000000.0,988000000.0,2024000000.0,2024000000.0,,18071000000.0,14156000000.0,1100000000.0,,13056000000.0,112832000000.0,59855000000.0,4458000000.0,6692000000.0,6692000000.0,184000000.0,184000000.0,,,48108000000.0,-13648000000.0,61756000000.0,3398000000.0,15749000000.0,25553000000.0,10280000000.0,0.0,52977000000.0,4325000000.0,14195000000.0,5254000000.0,5768000000.0,3737000000.0,,3737000000.0,30720000000.0,16085000000.0,14635000000.0,408000000.0,14227000000.0,TSLA,3357000000.0,3357000000.0,,,,413000000.0,164000000.0,249000000.0,,,1977000000.0,,,0.0,3915000000.0,6776000000.0,,36443000000.0,1882000000.0,,795000000.0,,4082000000.0,0.0,,1196000000.0,,,,,,,,,,,,,,,,,
2024-03-31,0.0,3188965775.0,3188965775.0,,9911000000.0,63957000000.0,69252000000.0,21082000000.0,63957000000.0,5037000000.0,64378000000.0,67117000000.0,65180000000.0,64378000000.0,-399000000.0,-399000000.0,29011000000.0,3000000.0,3000000.0,44046000000.0,14593000000.0,885000000.0,,6746000000.0,4007000000.0,2739000000.0,29453000000.0,566000000.0,3912000000.0,3912000000.0,3165000000.0,1030000000.0,2135000000.0,2135000000.0,,20010000000.0,15911000000.0,1186000000.0,,14725000000.0,109226000000.0,58691000000.0,4616000000.0,6769000000.0,6769000000.0,184000000.0,184000000.0,,,46701000000.0,-12852000000.0,59553000000.0,3291000000.0,15264000000.0,25212000000.0,9852000000.0,0.0,50535000000.0,3752000000.0,16033000000.0,6747000000.0,5584000000.0,3887000000.0,,3887000000.0,26863000000.0,15058000000.0,11805000000.0,418000000.0,11387000000.0,TSLA,3214000000.0,3214000000.0,,,,421000000.0,171000000.0,250000000.0,,,2507000000.0,,,0.0,4099000000.0,5934000000.0,,35763000000.0,1800000000.0,,802000000.0,3748000000.0,3748000000.0,,,1195000000.0,,,,,,,,,,,,,,,,,
2023-12-31,0.0,3185000000.0,3185000000.0,,9573000000.0,62019000000.0,67291000000.0,20868000000.0,62019000000.0,4916000000.0,62634000000.0,65316000000.0,63609000000.0,62634000000.0,-143000000.0,-143000000.0,27882000000.0,3000000.0,3000000.0,43009000000.0,14261000000.0,876000000.0,,6528000000.0,3846000000.0,2682000000.0,28748000000.0,517000000.0,3740000000.0,3740000000.0,3045000000.0,1070000000.0,1975000000.0,1975000000.0,,19681000000.0,15635000000.0,1204000000.0,,14431000000.0,106618000000.0,57002000000.0,4531000000.0,6733000000.0,6733000000.0,,,,,45123000000.0,-15080000000.0,60203000000.0,3168000000.0,7327000000.0,27540000000.0,9505000000.0,6859000000.0,49616000000.0,3388000000.0,13626000000.0,5049000000.0,5390000000.0,3508000000.0,,3508000000.0,29094000000.0,12696000000.0,16398000000.0,495000000.0,15903000000.0,TSLA,3251000000.0,3251000000.0,,,,615000000.0,362000000.0,253000000.0,,,2016000000.0,,,0.0,4046000000.0,5804000000.0,,34892000000.0,1765000000.0,,975000000.0,3606000000.0,3606000000.0,0.0,,1171000000.0,,,,,,,,,,,,,,,,,
2023-09-30,0.0,3179000000.0,3179000000.0,,8187000000.0,52841000000.0,57170000000.0,18386000000.0,52841000000.0,4483000000.0,53466000000.0,55618000000.0,54495000000.0,53466000000.0,-692000000.0,-692000000.0,19954000000.0,3000000.0,3000000.0,39446000000.0,12806000000.0,794000000.0,,5607000000.0,3455000000.0,2152000000.0,26640000000.0,434000000.0,3100000000.0,3100000000.0,2580000000.0,1028000000.0,1552000000.0,1552000000.0,,18932000000.0,15032000000.0,1095000000.0,,13937000000.0,93941000000.0,48916000000.0,5497000000.0,,,,,,,42794000000.0,-12520000000.0,55314000000.0,2892000000.0,11795000000.0,25702000000.0,8584000000.0,0.0,45026000000.0,2708000000.0,13721000000.0,4550000000.0,5817000000.0,2520000000.0,,2520000000.0,26077000000.0,10145000000.0,15932000000.0,1153000000.0,14779000000.0,TSLA,3059000000.0,3059000000.0,,,,625000000.0,375000000.0,250000000.0,,,2246000000.0,,,0.0,3900000000.0,6341000000.0,,34201000000.0,1594000000.0,,1029000000.0,3346000000.0,3346000000.0,0.0,,1108000000.0,,,,,,,,,,,,,,,,,
2023-06-30,,3174000000.0,3174000000.0,,5811000000.0,50481000000.0,52649000000.0,16283000000.0,50481000000.0,4292000000.0,51130000000.0,51634000000.0,52182000000.0,51130000000.0,-410000000.0,-410000000.0,18101000000.0,3000000.0,3000000.0,38409000000.0,10817000000.0,802000000.0,,3803000000.0,3299000000.0,504000000.0,27592000000.0,370000000.0,3202000000.0,3202000000.0,2008000000.0,993000000.0,1015000000.0,1015000000.0,,20494000000.0,16517000000.0,1244000000.0,,15273000000.0,90591000000.0,46721000000.0,5026000000.0,,,,,,,41046000000.0,-11672000000.0,52718000000.0,2727000000.0,11480000000.0,24516000000.0,8435000000.0,0.0,43875000000.0,2997000000.0,14356000000.0,5193000000.0,5968000000.0,3447000000.0,,3447000000.0,23075000000.0,7779000000.0,15296000000.0,273000000.0,15023000000.0,TSLA,3021000000.0,3021000000.0,,,,649000000.0,386000000.0,263000000.0,,,2202000000.0,,,0.0,3977000000.0,5560000000.0,,33436000000.0,1518000000.0,,1052000000.0,3191000000.0,3191000000.0,,,993000000.0,,,,,,,,,,,,,,,,,
2023-03-31,,,,,,,,,,,,,,,,,,,,,,,,,,,,,,,,,,,,,,,,,,,,,,,,,,,,,,,,,,,,,,,,,,,,,,,TSLA,,,,,,,,,,,,,,,,,,,,,,2842000000.0,,,486000000.0,,,,,,,,,,,,,,,,,,
2022-12-31,,,,,,,,,,,,,,,,,,,,,,,,,,,,,,,,,,,,,,,,,,,,328000000.0,328000000.0,,,,,,,,,,,,,,,,,,,,,,,,,,TSLA,,,82000000.0,,,,,,,,,,,,,,,,,,,,,0.0,,,,,,,,,,,,,,,,,,,
2024-06-30,,2533087958.0,2533087958.0,,37991000000.0,136109000000.0,175152000000.0,49427000000.0,136109000000.0,19602000000.0,156763000000.0,175152000000.0,156763000000.0,156763000000.0,-2695000000.0,-2695000000.0,81188000000.0,0.0,0.0,73475000000.0,46471000000.0,2500000000.0,7897000000.0,36074000000.0,17685000000.0,18389000000.0,27004000000.0,5762000000.0,,,1917000000.0,1917000000.0,,,,15195000000.0,5417000000.0,2244000000.0,,3173000000.0,230238000000.0,153807000000.0,9929000000.0,,,6207000000.0,,6207000000.0,6207000000.0,117017000000.0,-38395000000.0,155412000000.0,7191000000.0,81629000000.0,,2086000000.0,0.0,76431000000.0,3846000000.0,,,,14505000000.0,,14505000000.0,58080000000.0,26035000000.0,32045000000.0,25886000000.0,6159000000.0,META,,,,4130000000.0,,20654000000.0,,20654000000.0,42840000000.0,,,,,,9778000000.0,21666000000.0,,78270000000.0,,,,,,,,,,,,,,,,,,,,,,,,,
2024-03-31,,2537000000.0,2537000000.0,,37633000000.0,128875000000.0,167916000000.0,47229000000.0,128875000000.0,19246000000.0,149529000000.0,167916000000.0,149529000000.0,149529000000.0,-2655000000.0,-2655000000.0,76793000000.0,0.0,0.0,73315000000.0,45214000000.0,1462000000.0,7795000000.0,35957000000.0,17570000000.0,18387000000.0,28101000000.0,4909000000.0,,,1676000000.0,1676000000.0,,,,18183000000.0,8648000000.0,4863000000.0,,3785000000.0,222844000000.0,147514000000.0,8179000000.0,,,6218000000.0,,6218000000.0,6218000000.0,112463000000.0,-35910000000.0,148373000000.0,7079000000.0,76922000000.0,,2075000000.0,0.0,75330000000.0,3780000000.0,,,,13430000000.0,,13430000000.0,58120000000.0,25813000000.0,32307000000.0,25812000000.0,6495000000.0,META,,,,3333000000.0,,20654000000.0,,20654000000.0,39322000000.0,,,,,,9535000000.0,22975000000.0,,75391000000.0,,,,,,,,,,,,,,,,,,,,,,,,,
2023-12-31,0.0,2561000000.0,2561000000.0,,37234000000.0,131726000000.0,171553000000.0,53405000000.0,131726000000.0,18849000000.0,153168000000.0,171553000000.0,153168000000.0,153168000000.0,-2155000000.0,-2155000000.0,82070000000.0,0.0,0.0,76455000000.0,44495000000.0,1370000000.0,7514000000.0,35611000000.0,17226000000.0,18385000000.0,31960000000.0,5506000000.0,,,1623000000.0,1623000000.0,,,,18172000000.0,9367000000.0,3655000000.0,,4849000000.0,229623000000.0,144258000000.0,6794000000.0,,,6141000000.0,,6141000000.0,6141000000.0,109881000000.0,-33134000000.0,143015000000.0,6972000000.0,71733000000.0,,2080000000.0,0.0,85365000000.0,3793000000.0,,,,16169000000.0,,16169000000.0,65403000000.0,23541000000.0,41862000000.0,35597000000.0,6265000000.0,META,,,,6659000000.0,,21442000000.0,788000000.0,20654000000.0,37961000000.0,,,,,,8805000000.0,24269000000.0,,73253000000.0,,,,,,,,,863000000.0,,,,,,,,,,,,,,,,
2023-09-30,,2571000000.0,2571000000.0,,36217000000.0,121392000000.0,161256000000.0,47847000000.0,121392000000.0,17834000000.0,142873000000.0,161256000000.0,142873000000.0,142873000000.0,-3556000000.0,-3556000000.0,75205000000.0,0.0,0.0,73401000000.0,42870000000.0,1281000000.0,6832000000.0,34757000000.0,16374000000.0,18383000000.0,30531000000.0,4931000000.0,,,1460000000.0,1460000000.0,,,,19172000000.0,9750000000.0,4608000000.0,,4372000000.0,216274000000.0,137896000000.0,5468000000.0,,,6142000000.0,,6142000000.0,6142000000.0,104805000000.0,-30848000000.0,135653000000.0,6841000000.0,68545000000.0,,1900000000.0,0.0,78378000000.0,4311000000.0,,,,12944000000.0,,12944000000.0,61123000000.0,24233000000.0,36890000000.0,31557000000.0,5333000000.0,META,,,,4968000000.0,,21481000000.0,813000000.0,20668000000.0,35422000000.0,,,,,,9422000000.0,22945000000.0,,71224000000.0,,,,,,,,,770000000.0,,,,,,,,,,,,,,,,
2023-06-30,,2573000000.0,2573000000.0,,36218000000.0,112518000000.0,152415000000.0,39639000000.0,112518000000.0,17836000000.0,134033000000.0,152415000000.0,134033000000.0,134033000000.0,-3106000000.0,-3106000000.0,67980000000.0,0.0,0.0,72655000000.0,42734000000.0,1342000000.0,6570000000.0,34822000000.0,16440000000.0,18382000000.0,29921000000.0,4723000000.0,,,1396000000.0,1396000000.0,,,,19464000000.0,9702000000.0,5837000000.0,,3093000000.0,206688000000.0,137128000000.0,8501000000.0,,,6208000000.0,,6208000000.0,6208000000.0,100904000000.0,-28953000000.0,129857000000.0,6661000000.0,64032000000.0,,1875000000.0,0.0,69560000000.0,3603000000.0,,,,12511000000.0,,12511000000.0,53446000000.0,24661000000.0,28785000000.0,22663000000.0,6122000000.0,META,,,,4338000000.0,,21515000000.0,856000000.0,20659000000.0,32446000000.0,,,,,,9762000000.0,24843000000.0,,69159000000.0,,,,,,,,,772000000.0,,,,,,,,,,,,,,,,
2023-03-31,,,,,,,,,,,,,,,,,,,,,,,,,,,,,,,,,,,,,,,,,,,,,,,,,,,,,,,,,,,,,,,,,,,,,,,META,,,,,,,949000000.0,,,,,,,,,,,,,,,,,,,,885000000.0,,,,,,,,,,,,,,,,
2022-12-31,,,,,,,,,,,,,,,,,,,,,,,,,,,,,,,,,,,,,,,,,,,,,,,,,,,,,,,,,,,,,,,,,,,,,,,META,,,,,,,897000000.0,,,,,,,,,,,,,,,,,,,,1117000000.0,,,,,,,,,,,,,,,,
2024-06-30,22229834.0,429164615.0,451394449.0,7355126000.0,13980065000.0,-9814662000.0,36092758000.0,-524446000.0,-9814662000.0,,22112693000.0,34292717000.0,22112693000.0,22112693000.0,-89114000.0,-89114000.0,27068801000.0,5680061000.0,5680061000.0,26986202000.0,16846203000.0,4666179000.0,,12180024000.0,,12180024000.0,10139999000.0,4391437000.0,1473720000.0,1473720000.0,1800041000.0,,1800041000.0,,,2474801000.0,598557000.0,,,598557000.0,49098895000.0,39483342000.0,6045029000.0,,,,,,,1510958000.0,-914727000.0,2425685000.0,1048874000.0,,666225000.0,85000000.0,0.0,9615553000.0,1237660000.0,,,,1276359000.0,,1276359000.0,6655912000.0,30973000.0,6624939000.0,619499000.0,6005440000.0,NFLX,,,,,,31927355000.0,31927355000.0,,384312000.0,,,,,,1876244000.0,241274000.0,10547055000.0,,,,,,,,,,,445622000.0,,,,,,,,,,,,,,,
2024-03-31,19648480.0,430964991.0,450613471.0,6991208000.0,14015974000.0,-10296690000.0,35381384000.0,632096000.0,-10296690000.0,,21365410000.0,34582448000.0,21365410000.0,21365410000.0,-111879000.0,-111879000.0,24921495000.0,5489850000.0,5489850000.0,27462311000.0,18173094000.0,4956056000.0,,13217038000.0,,13217038000.0,9289217000.0,4436021000.0,1469484000.0,1469484000.0,798936000.0,,798936000.0,,,2584776000.0,607348000.0,,,607348000.0,48827721000.0,38906408000.0,5743140000.0,,,,,,,1501168000.0,-884603000.0,2385771000.0,1043759000.0,,649517000.0,88468000.0,0.0,9921313000.0,1192738000.0,,,,1228691000.0,,1228691000.0,7045739000.0,20973000.0,7024766000.0,854878000.0,6169888000.0,NFLX,,,,,,31662100000.0,31662100000.0,,156345000.0,,,,,,1977428000.0,447682000.0,8934056000.0,,,,,,,,,,,454145000.0,,,,,,,,,,,,,,,
2023-12-31,16078268.0,432759584.0,448837852.0,7426348000.0,14543261000.0,-11069743000.0,35131574000.0,1057478000.0,-11069743000.0,,20588313000.0,34731730000.0,20588313000.0,20588313000.0,-223945000.0,-223945000.0,22589286000.0,5145172000.0,5145172000.0,28143679000.0,19283024000.0,5139607000.0,,14143417000.0,,14143417000.0,8860655000.0,4466470000.0,1442969000.0,1442969000.0,399844000.0,,399844000.0,,,2551372000.0,747412000.0,,,747412000.0,48731992000.0,38813859000.0,5664359000.0,,,,,,,1491444000.0,-855043000.0,2346487000.0,1032492000.0,,668338000.0,88429000.0,0.0,9918133000.0,529257000.0,,,,1842054000.0,,1287054000.0,7137886000.0,20973000.0,7116913000.0,1130284000.0,5986629000.0,NFLX,,,,,,31658056000.0,31658056000.0,,150736000.0,,,,,0.0,1803960000.0,406492000.0,6922200000.0,,,,,,,,,,,408936000.0,555000000.0,,,,,,,,,,,,,,
2023-09-30,10600660.0,437679669.0,448280329.0,6947123000.0,14300368000.0,-9642234000.0,36407995000.0,2440756000.0,-9642234000.0,,22107627000.0,36008381000.0,22107627000.0,22107627000.0,-155571000.0,-155571000.0,21651448000.0,5011427000.0,5011427000.0,27394159000.0,19055441000.0,5154687000.0,,13900754000.0,,13900754000.0,8338718000.0,4259582000.0,1306185000.0,1306185000.0,399614000.0,,399614000.0,,,2373337000.0,534429000.0,,,534429000.0,49501786000.0,38722312000.0,5474060000.0,,,,,,,1498391000.0,-902691000.0,2401082000.0,1053681000.0,,778847000.0,86662000.0,0.0,10779474000.0,1289679000.0,,,,1139974000.0,,1139974000.0,7867446000.0,514201000.0,7353245000.0,2112053000.0,5241192000.0,NFLX,,,,,,31749861000.0,31749861000.0,,104593000.0,,,,,,1838908000.0,377299000.0,4399677000.0,,,,,,,,,,,482375000.0,,,,,,,,,,,,,,,
2023-06-30,4635858.0,443146751.0,447782609.0,6806750000.0,16993691000.0,-9688559000.0,37301753000.0,2830531000.0,-9688559000.0,2524153000.0,22832215000.0,36902366000.0,22832215000.0,22832215000.0,-139266000.0,-139266000.0,19974026000.0,4874208000.0,4874208000.0,27985258000.0,19309453000.0,3091996000.0,,16217457000.0,2147306000.0,14070151000.0,8675805000.0,4440412000.0,1311918000.0,1311918000.0,776234000.0,376847000.0,399387000.0,399387000.0,,2147241000.0,615374000.0,,,615374000.0,50817473000.0,39311137000.0,3130663000.0,,,,,,,3659700000.0,-870738000.0,4530438000.0,1068757000.0,2187732000.0,778373000.0,86662000.0,0.0,11506336000.0,1229475000.0,,,,1218326000.0,,1218326000.0,8576989000.0,914201000.0,7662788000.0,3000120000.0,4662668000.0,NFLX,,,,,,32520774000.0,32520774000.0,,60720000.0,,,,,,1531867000.0,348194000.0,1876753000.0,,,,,,,,,,,481546000.0,,,,,,,,,,,,,,,
2022-12-31,,,,,,,,,,,,,,,,,,,,,,,,,,,,,,,,,,,,,,,,,,,,,,,,,,,,,,,,,,,,,,,,,,,,,,,NFLX,,,,,,,,,,,,,,0.0,,,,,,,,,,,,,,,598000000.0,,,,,,,,,,,,,,
2024-06-30,,4276000000.0,4276000000.0,41742000000.0,53029000000.0,83404000000.0,168258000000.0,18802000000.0,83404000000.0,,115229000000.0,163563000000.0,120434000000.0,115229000000.0,-696000000.0,-696000000.0,66162000000.0,49763000000.0,49763000000.0,85771000000.0,53744000000.0,5410000000.0,,48334000000.0,,48334000000.0,32027000000.0,,,,4695000000.0,,4695000000.0,,,24681000000.0,11474000000.0,1856000000.0,1856000000.0,9618000000.0,206205000000.0,155376000000.0,14329000000.0,,,5824000000.0,,5820000000.0,5820000000.0,103398000000.0,-100173000000.0,203571000000.0,,,,,,50829000000.0,7181000000.0,11244000000.0,3666000000.0,1284000000.0,3131000000.0,,3131000000.0,29273000000.0,17986000000.0,11287000000.0,,,INTC,,,,2651000000.0,4000000.0,31825000000.0,4383000000.0,27442000000.0,,,6294000000.0,,,,13207000000.0,,,,,,5205000000.0,,,,,,,,,,,,,,,,,,,,,,
2024-03-31,,4256872276.0,4256872276.0,45527000000.0,52450000000.0,73858000000.0,158423000000.0,15395000000.0,73858000000.0,,105973000000.0,153842000000.0,110756000000.0,105973000000.0,-542000000.0,-542000000.0,68224000000.0,38291000000.0,38291000000.0,81977000000.0,54764000000.0,6895000000.0,,47869000000.0,,47869000000.0,27213000000.0,,,,4581000000.0,,4581000000.0,,,20126000000.0,8905000000.0,346000000.0,346000000.0,8559000000.0,192733000000.0,150125000000.0,11947000000.0,,,6139000000.0,,6135000000.0,6135000000.0,99924000000.0,-99315000000.0,199239000000.0,,,,,,42608000000.0,6480000000.0,11494000000.0,3725000000.0,1209000000.0,3323000000.0,,3323000000.0,21311000000.0,14388000000.0,6923000000.0,,,INTC,,,,2506000000.0,4000000.0,32115000000.0,4675000000.0,27440000000.0,,,6560000000.0,,,,11221000000.0,,,,,,4783000000.0,,,,,,,,,,,,,,,,,,,,,,
2023-12-31,0.0,4228000000.0,4228000000.0,42199000000.0,49278000000.0,73410000000.0,154868000000.0,15216000000.0,73410000000.0,,105590000000.0,152568000000.0,109965000000.0,105590000000.0,-215000000.0,-215000000.0,69156000000.0,36649000000.0,36649000000.0,81607000000.0,53554000000.0,6576000000.0,,46978000000.0,,46978000000.0,28053000000.0,-12000000.0,2900000000.0,,2300000000.0,,2300000000.0,2300000000.0,,19210000000.0,9685000000.0,1107000000.0,1107000000.0,8578000000.0,191572000000.0,148303000000.0,13647000000.0,,,5829000000.0,,5824000000.0,5824000000.0,96647000000.0,-98010000000.0,194657000000.0,,,100033000000.0,,51182000000.0,43269000000.0,3706000000.0,11127000000.0,3758000000.0,1166000000.0,3402000000.0,,3402000000.0,25034000000.0,17955000000.0,7079000000.0,,,INTC,,,,3655000000.0,5000000.0,32180000000.0,4589000000.0,27591000000.0,,,6203000000.0,,,0.0,9525000000.0,43442000000.0,,,,,4375000000.0,,,,,,,,,,,,,,,,,,,,,,
2023-09-30,,4216000000.0,4216000000.0,41258000000.0,48879000000.0,69252000000.0,150692000000.0,15197000000.0,69252000000.0,,101813000000.0,148404000000.0,105686000000.0,101813000000.0,-861000000.0,-861000000.0,67021000000.0,35653000000.0,35653000000.0,83151000000.0,54537000000.0,7946000000.0,,46591000000.0,,46591000000.0,28614000000.0,,,,2288000000.0,,2288000000.0,,,23211000000.0,10781000000.0,2112000000.0,2112000000.0,8669000000.0,188837000000.0,145026000000.0,13413000000.0,,,5700000000.0,,5695000000.0,5695000000.0,93352000000.0,-97122000000.0,190474000000.0,,,,,,43811000000.0,4472000000.0,11466000000.0,3922000000.0,1278000000.0,2843000000.0,,2843000000.0,25030000000.0,17409000000.0,7621000000.0,,,INTC,,,,3115000000.0,5000000.0,32561000000.0,4970000000.0,27591000000.0,,,6266000000.0,,,,12430000000.0,,,,,,3873000000.0,,,,,,,,,,,,,,,,,,,,,,
2023-06-30,,4188000000.0,4188000000.0,40697000000.0,49046000000.0,68253000000.0,150063000000.0,16176000000.0,68253000000.0,,101017000000.0,147352000000.0,104471000000.0,101017000000.0,-544000000.0,-544000000.0,67231000000.0,34330000000.0,34330000000.0,81158000000.0,53978000000.0,7643000000.0,,46335000000.0,,46335000000.0,27180000000.0,,,,2711000000.0,,2711000000.0,,,21582000000.0,10926000000.0,2169000000.0,2169000000.0,8757000000.0,185629000000.0,142273000000.0,12671000000.0,,,5893000000.0,,5884000000.0,5884000000.0,90945000000.0,-95781000000.0,186726000000.0,,,,,,43356000000.0,4119000000.0,11984000000.0,4062000000.0,1284000000.0,2996000000.0,,2996000000.0,24257000000.0,15908000000.0,8349000000.0,,,INTC,,,,2887000000.0,9000000.0,32764000000.0,5173000000.0,27591000000.0,,,6638000000.0,,,,10656000000.0,,,,,,3454000000.0,,,,,,,,,,,,,,,,,,,,,,
2023-03-31,,,,,,,,,,,,,,,,,,,,,,,3831000000.0,,,,,,,,,,,,,,,,,,,,,,,,,,,,,,,,,,,,,,,,,,,,,,,,INTC,,,,,,,,,,,,,,,,,,,,,,,,,,,,,,,,,,,,,,,,,,,
2022-12-31,,,,,,,,,,,,,,,,,,,,,,,3796000000.0,,,,,44000000.0,2400000000.0,,,,,423000000.0,3900000000.0,,,,,,,,,,,,,,,,,,,,92711000000.0,,44808000000.0,,,,,,,,,,,,,,INTC,202000000.0,,202000000.0,,,,,,,,,,,0.0,,36727000000.0,,,,,,,,,,,,,,10000000.0,45000000.0,,,,,,,,,,,,
2024-04-30,,4031000000.0,4031000000.0,23080000000.0,31993000000.0,-24684000000.0,77761000000.0,-4222000000.0,-24684000000.0,,45768000000.0,65870000000.0,45768000000.0,45768000000.0,-1630000000.0,-1630000000.0,2055000000.0,45343000000.0,45343000000.0,77230000000.0,37122000000.0,2427000000.0,2869000000.0,20102000000.0,,20102000000.0,40108000000.0,5334000000.0,15751000000.0,15751000000.0,11891000000.0,,11891000000.0,,11891000000.0,3921000000.0,3921000000.0,1867000000.0,1867000000.0,2054000000.0,122998000000.0,87112000000.0,5882000000.0,5527000000.0,5527000000.0,,,,,2000000000.0,-7796000000.0,9796000000.0,,4531000000.0,1044000000.0,,4221000000.0,35886000000.0,5428000000.0,3118000000.0,996000000.0,2001000000.0,8570000000.0,416000000.0,5127000000.0,18770000000.0,9857000000.0,8913000000.0,,,CSCO,11724000000.0,11724000000.0,,3211000000.0,,70452000000.0,11819000000.0,58633000000.0,,,111000000.0,-81000000.0,5208000000.0,0.0,,,,,,,,,,,,10000000.0,,,,,,2563000000.0,688000000.0,3027000000.0,,,,,,,,,
2024-01-31,0.0,4050000000.0,4050000000.0,,11605000000.0,5486000000.0,57856000000.0,11276000000.0,5486000000.0,,46251000000.0,52920000000.0,46251000000.0,46251000000.0,-1512000000.0,-1512000000.0,2761000000.0,45002000000.0,45002000000.0,54923000000.0,24072000000.0,2253000000.0,3390000000.0,6669000000.0,,6669000000.0,30851000000.0,4964000000.0,14011000000.0,14011000000.0,4936000000.0,,4936000000.0,997000000.0,3939000000.0,3724000000.0,3724000000.0,1876000000.0,1876000000.0,1848000000.0,101174000000.0,59047000000.0,5575000000.0,7338000000.0,7338000000.0,,,,,2005000000.0,-7830000000.0,9835000000.0,,4591000000.0,1030000000.0,,4214000000.0,42127000000.0,4887000000.0,3209000000.0,1047000000.0,1984000000.0,8360000000.0,410000000.0,4884000000.0,25671000000.0,11956000000.0,13715000000.0,,,CSCO,11760000000.0,11760000000.0,,3216000000.0,,40765000000.0,1678000000.0,39087000000.0,,,165000000.0,-79000000.0,4963000000.0,0.0,,,,,,,,,,,,13000000.0,,,,,,2731000000.0,633000000.0,3066000000.0,,,,,,,,,
2023-10-31,,4049000000.0,4049000000.0,,7650000000.0,4396000000.0,52860000000.0,12624000000.0,4396000000.0,,45210000000.0,51870000000.0,45210000000.0,45210000000.0,-2025000000.0,-2025000000.0,2689000000.0,44546000000.0,44546000000.0,53572000000.0,26537000000.0,2240000000.0,5790000000.0,6660000000.0,,6660000000.0,27035000000.0,4730000000.0,13812000000.0,13812000000.0,990000000.0,,990000000.0,990000000.0,,4464000000.0,4464000000.0,2380000000.0,2380000000.0,2084000000.0,98782000000.0,59123000000.0,5879000000.0,7102000000.0,7102000000.0,,,,,2004000000.0,-7798000000.0,9802000000.0,,4588000000.0,1020000000.0,,4194000000.0,39659000000.0,4547000000.0,3342000000.0,1093000000.0,2042000000.0,8247000000.0,428000000.0,4833000000.0,23523000000.0,13921000000.0,9602000000.0,,,CSCO,11847000000.0,11847000000.0,,3039000000.0,,40814000000.0,1914000000.0,38900000000.0,,,194000000.0,-82000000.0,4915000000.0,0.0,,,,,,,,,,,,13000000.0,,,,,,2685000000.0,639000000.0,2986000000.0,,,,,,,,,
2023-07-31,,4066000000.0,4066000000.0,,8391000000.0,4000000000.0,52744000000.0,12039000000.0,4000000000.0,,44353000000.0,51011000000.0,44353000000.0,44353000000.0,-1575000000.0,-1575000000.0,1639000000.0,44289000000.0,44289000000.0,57499000000.0,26190000000.0,2134000000.0,5756000000.0,6658000000.0,,6658000000.0,31309000000.0,5136000000.0,13908000000.0,13908000000.0,1733000000.0,,1733000000.0,1733000000.0,0.0,6548000000.0,6548000000.0,4235000000.0,4235000000.0,2313000000.0,101852000000.0,58504000000.0,6007000000.0,6576000000.0,6576000000.0,,,,,2085000000.0,-7973000000.0,10058000000.0,,4746000000.0,1083000000.0,,4229000000.0,43348000000.0,4352000000.0,3644000000.0,1493000000.0,1871000000.0,9206000000.0,3352000000.0,5854000000.0,26146000000.0,16023000000.0,10123000000.0,,,CSCO,11642000000.0,11642000000.0,,3984000000.0,,40353000000.0,1818000000.0,38535000000.0,,,264000000.0,-85000000.0,5939000000.0,0.0,,,,,,,,,,,,16000000.0,,,,,,,3483000000.0,,,,,,,,,,
2023-04-30,,4075000000.0,4075000000.0,350000000.0,8394000000.0,1960000000.0,50689000000.0,11231000000.0,1960000000.0,,42295000000.0,48958000000.0,42295000000.0,42295000000.0,-1606000000.0,-1606000000.0,262000000.0,43639000000.0,43639000000.0,55234000000.0,26515000000.0,2116000000.0,6725000000.0,6663000000.0,,6663000000.0,28719000000.0,4813000000.0,13249000000.0,13249000000.0,1731000000.0,,1731000000.0,1731000000.0,0.0,5574000000.0,5574000000.0,3132000000.0,3132000000.0,2442000000.0,97529000000.0,57579000000.0,5987000000.0,5817000000.0,5817000000.0,,,,,2047000000.0,-8037000000.0,10084000000.0,,4739000000.0,1087000000.0,,4258000000.0,39950000000.0,4682000000.0,3474000000.0,1483000000.0,1666000000.0,8506000000.0,453000000.0,5104000000.0,23288000000.0,15244000000.0,8044000000.0,,,CSCO,11011000000.0,11011000000.0,,3352000000.0,,40335000000.0,1966000000.0,38369000000.0,,,310000000.0,-83000000.0,5187000000.0,0.0,,,,,,,,,,,,15000000.0,,,,,,2877000000.0,516000000.0,2949000000.0,,,,,,,,,
2023-01-31,,,,,,,,,,,,,,,,,,,,,,,,,,,,,,,,,,1250000000.0,0.0,,,,,,,,,,,,,,,,,,,,,,,,,,,,,,,,,,,,CSCO,,,,,,,,,,,,,,,,,,,,,,,,,,,,,,,,2985000000.0,,3057000000.0,,,,,,,,,
2024-06-30,50000000.0,1618000000.0,1668000000.0,,2245000000.0,12138000000.0,58257000000.0,11270000000.0,12138000000.0,526000000.0,56538000000.0,58257000000.0,56538000000.0,56538000000.0,-29000000.0,-29000000.0,1111000000.0,17000000.0,17000000.0,11348000000.0,5153000000.0,1716000000.0,,2245000000.0,526000000.0,1719000000.0,6195000000.0,447000000.0,,,,,,,,4993000000.0,2119000000.0,,,1699000000.0,67886000000.0,50421000000.0,2990000000.0,617000000.0,617000000.0,113000000.0,,,,2301000000.0,-1988000000.0,4289000000.0,,3238000000.0,,,834000000.0,17465000000.0,1361000000.0,4991000000.0,926000000.0,338000000.0,5773000000.0,,5749000000.0,5340000000.0,1227000000.0,4113000000.0,,,AMD,1192000000.0,,1192000000.0,755000000.0,113000000.0,44400000000.0,20138000000.0,24262000000.0,,,3727000000.0,,,,2874000000.0,217000000.0,5103000000.0,60542000000.0,,,,,,,,,420000000.0,,,,,,,,24000000.0,,,,,,,,
2024-03-31,48000000.0,1618000000.0,1666000000.0,,2998000000.0,11195000000.0,58666000000.0,10610000000.0,11195000000.0,530000000.0,56198000000.0,57916000000.0,56198000000.0,56198000000.0,-28000000.0,-28000000.0,846000000.0,17000000.0,17000000.0,11697000000.0,5223000000.0,1776000000.0,,2248000000.0,530000000.0,1718000000.0,6474000000.0,424000000.0,,,750000000.0,,750000000.0,750000000.0,,4474000000.0,1856000000.0,,,1418000000.0,67895000000.0,50811000000.0,3013000000.0,433000000.0,433000000.0,106000000.0,,,,2256000000.0,-1884000000.0,4140000000.0,,3088000000.0,,,829000000.0,17084000000.0,1328000000.0,4652000000.0,984000000.0,292000000.0,5069000000.0,,5038000000.0,6035000000.0,1845000000.0,4190000000.0,,,AMD,1199000000.0,,1199000000.0,826000000.0,106000000.0,45003000000.0,20741000000.0,24262000000.0,,,3376000000.0,,,,2618000000.0,223000000.0,4690000000.0,60053000000.0,,,,,,,,,438000000.0,,,,,,,,31000000.0,,,,,,,,
2023-12-31,47000000.0,1616000000.0,1663000000.0,,3003000000.0,10267000000.0,58360000000.0,10079000000.0,10267000000.0,535000000.0,55892000000.0,57609000000.0,55892000000.0,55892000000.0,-10000000.0,-10000000.0,723000000.0,17000000.0,17000000.0,11993000000.0,5304000000.0,1850000000.0,,2252000000.0,535000000.0,1717000000.0,6689000000.0,438000000.0,544000000.0,544000000.0,751000000.0,,751000000.0,751000000.0,,4616000000.0,2418000000.0,,,2055000000.0,67885000000.0,51117000000.0,2805000000.0,366000000.0,366000000.0,99000000.0,,,,2222000000.0,-1787000000.0,4009000000.0,,2979000000.0,,,821000000.0,16768000000.0,1259000000.0,4351000000.0,812000000.0,279000000.0,5385000000.0,,5376000000.0,5773000000.0,1840000000.0,3933000000.0,,,AMD,1202000000.0,,1202000000.0,884000000.0,99000000.0,45625000000.0,21363000000.0,24262000000.0,,,3260000000.0,,,,2198000000.0,209000000.0,4514000000.0,59676000000.0,,,,,,,,,363000000.0,,,,,,,,9000000.0,,,,,,,,
2023-09-30,45000000.0,1615000000.0,1660000000.0,,2862000000.0,8834000000.0,57437000000.0,9061000000.0,8834000000.0,395000000.0,54970000000.0,56685000000.0,54970000000.0,54970000000.0,-50000000.0,-50000000.0,56000000.0,17000000.0,17000000.0,12656000000.0,5029000000.0,1767000000.0,,2110000000.0,395000000.0,1715000000.0,7627000000.0,160000000.0,723000000.0,723000000.0,752000000.0,,752000000.0,752000000.0,,5844000000.0,3339000000.0,769000000.0,,2245000000.0,67626000000.0,50938000000.0,2560000000.0,76000000.0,76000000.0,93000000.0,,,,2073000000.0,-1730000000.0,3803000000.0,,2802000000.0,,,800000000.0,16688000000.0,490000000.0,4445000000.0,930000000.0,245000000.0,5055000000.0,,5054000000.0,5785000000.0,2224000000.0,3561000000.0,,,AMD,1152000000.0,,1152000000.0,871000000.0,93000000.0,46136000000.0,21950000000.0,24186000000.0,,,3270000000.0,,,,2505000000.0,201000000.0,4235000000.0,59182000000.0,,,,,,,,,325000000.0,913000000.0,,,,,,,1000000.0,,,,,,,,
2023-06-30,37000000.0,1614000000.0,1651000000.0,,2860000000.0,8361000000.0,57603000000.0,8933000000.0,8361000000.0,393000000.0,55136000000.0,56850000000.0,55136000000.0,55136000000.0,-32000000.0,-32000000.0,-243000000.0,16000000.0,16000000.0,12831000000.0,5259000000.0,1787000000.0,,2107000000.0,393000000.0,1714000000.0,7572000000.0,121000000.0,848000000.0,848000000.0,753000000.0,,753000000.0,753000000.0,,6055000000.0,3727000000.0,635000000.0,,2779000000.0,67967000000.0,51462000000.0,2527000000.0,68000000.0,68000000.0,90000000.0,,,,2002000000.0,-1682000000.0,3684000000.0,675000000.0,2677000000.0,2216000000.0,120000000.0,0.0,16505000000.0,497000000.0,4567000000.0,943000000.0,154000000.0,4314000000.0,,4312000000.0,6285000000.0,2444000000.0,3841000000.0,,,AMD,1365000000.0,,1365000000.0,643000000.0,90000000.0,46775000000.0,22598000000.0,24177000000.0,675000000.0,,3470000000.0,,,,2328000000.0,212000000.0,3430000000.0,58825000000.0,,,,,,,,,313000000.0,842000000.0,,,,,,,2000000.0,,,,,,,,
2023-03-31,,,,,,,,,,,,,,,,,,,,,,,,,,,,,1006000000.0,1006000000.0,,,,,,,,,,,,,,,,,,,,,,,653000000.0,,2173000000.0,120000000.0,,,,,,,,,,,,,,,AMD,,,,,,,,,653000000.0,,,,,,,,,,,,,,,,,,,867000000.0,,,,,,,,,,,,,,,
2022-12-31,,,,,,,,,,,,,,,,,,,,,,,,,,,,,859000000.0,859000000.0,,,,,,,,,,,,,,,,,,,,,,,,,2163000000.0,120000000.0,,,,,,,,,,,,,,,AMD,,,,,,,,,594000000.0,,,,,,,,,,,1252000000.0,,,,,,,,,,,,,,,,,,,,,,,
2024-05-31,152000000.0,449000000.0,601000000.0,,6090000000.0,1107000000.0,20468000000.0,1549000000.0,1107000000.0,465000000.0,14843000000.0,18970000000.0,14843000000.0,14843000000.0,-276000000.0,-276000000.0,35227000000.0,0.0,0.0,15164000000.0,5690000000.0,446000000.0,591000000.0,4525000000.0,398000000.0,4127000000.0,9474000000.0,,5558000000.0,5558000000.0,1565000000.0,67000000.0,1498000000.0,1498000000.0,,1502000000.0,557000000.0,200000000.0,95000000.0,357000000.0,30007000000.0,18984000000.0,1462000000.0,1436000000.0,1436000000.0,,,,,2350000000.0,,2350000000.0,,2350000000.0,,,,11023000000.0,1346000000.0,,,,1612000000.0,,1612000000.0,8065000000.0,405000000.0,7660000000.0,7096000000.0,564000000.0,ADBE,128000000.0,128000000.0,,744000000.0,,13736000000.0,933000000.0,12803000000.0,,,,-19000000.0,1631000000.0,0.0,945000000.0,,32612000000.0,12504000000.0,105000000.0,,,,,,,,,,,,,,,,,,,,,,,,
2024-02-29,148000000.0,453000000.0,601000000.0,,4086000000.0,1646000000.0,19095000000.0,471000000.0,1646000000.0,451000000.0,15460000000.0,17598000000.0,15460000000.0,15460000000.0,-277000000.0,-277000000.0,33809000000.0,0.0,0.0,13291000000.0,3754000000.0,435000000.0,668000000.0,2516000000.0,378000000.0,2138000000.0,9537000000.0,,5975000000.0,5975000000.0,1570000000.0,73000000.0,1497000000.0,1497000000.0,,1293000000.0,539000000.0,239000000.0,123000000.0,300000000.0,28751000000.0,18743000000.0,1265000000.0,1310000000.0,1310000000.0,,,,,2354000000.0,,2354000000.0,,2354000000.0,,,,10008000000.0,1131000000.0,,,,2057000000.0,,2057000000.0,6820000000.0,566000000.0,6254000000.0,5642000000.0,612000000.0,ADBE,135000000.0,135000000.0,,592000000.0,,13814000000.0,1011000000.0,12803000000.0,,,,-16000000.0,2073000000.0,0.0,754000000.0,,30109000000.0,12037000000.0,107000000.0,,,,,,,,,,,,,,,,,,,,,,,,
2023-11-30,146000000.0,455000000.0,601000000.0,,4080000000.0,2625000000.0,20152000000.0,2833000000.0,2625000000.0,446000000.0,16518000000.0,20152000000.0,16518000000.0,16518000000.0,-285000000.0,-285000000.0,33346000000.0,0.0,0.0,13261000000.0,5010000000.0,376000000.0,514000000.0,4007000000.0,373000000.0,3634000000.0,8251000000.0,,5837000000.0,5837000000.0,73000000.0,73000000.0,,,,1695000000.0,521000000.0,207000000.0,85000000.0,314000000.0,29779000000.0,18695000000.0,1223000000.0,1191000000.0,1191000000.0,,,,,2388000000.0,-1731000000.0,4119000000.0,275000000.0,358000000.0,1661000000.0,163000000.0,0.0,11084000000.0,1018000000.0,,,,2224000000.0,,2224000000.0,7842000000.0,701000000.0,7141000000.0,6523000000.0,618000000.0,ADBE,113000000.0,113000000.0,,535000000.0,,13893000000.0,1088000000.0,12805000000.0,1660000000.0,,,-16000000.0,2240000000.0,0.0,1174000000.0,2000000.0,28129000000.0,11586000000.0,111000000.0,,,,,,,,,,,,,,,,,,,,,,,,
2023-08-31,145000000.0,456000000.0,601000000.0,,4096000000.0,1809000000.0,19409000000.0,2076000000.0,1809000000.0,463000000.0,15776000000.0,19409000000.0,15776000000.0,15776000000.0,-285000000.0,-285000000.0,32012000000.0,0.0,0.0,13314000000.0,4980000000.0,352000000.0,498000000.0,4022000000.0,389000000.0,3633000000.0,8334000000.0,8000000.0,5375000000.0,5375000000.0,74000000.0,74000000.0,,,,2300000000.0,1286000000.0,972000000.0,857000000.0,314000000.0,29090000000.0,18680000000.0,1239000000.0,1065000000.0,1065000000.0,,,,,2409000000.0,,2409000000.0,,2409000000.0,,,,10410000000.0,1043000000.0,,,,1851000000.0,,1851000000.0,7516000000.0,915000000.0,6601000000.0,5972000000.0,629000000.0,ADBE,108000000.0,108000000.0,,486000000.0,,13967000000.0,1167000000.0,12800000000.0,,82000000.0,,-18000000.0,1869000000.0,0.0,1014000000.0,,27146000000.0,11195000000.0,99000000.0,,,,,,,,,,,,,,,,,,,,,,,,
2023-05-31,145000000.0,456000000.0,601000000.0,,4113000000.0,784000000.0,18469000000.0,1255000000.0,784000000.0,482000000.0,14838000000.0,18469000000.0,14838000000.0,14838000000.0,-297000000.0,-297000000.0,30609000000.0,0.0,0.0,13000000000.0,4981000000.0,347000000.0,479000000.0,4039000000.0,408000000.0,3631000000.0,8019000000.0,,5265000000.0,5265000000.0,74000000.0,74000000.0,,,,1928000000.0,1005000000.0,659000000.0,548000000.0,346000000.0,27838000000.0,18564000000.0,1125000000.0,964000000.0,964000000.0,,,,,2421000000.0,,2421000000.0,,2421000000.0,,,,9274000000.0,988000000.0,,,,1685000000.0,,1685000000.0,6601000000.0,1145000000.0,5456000000.0,4818000000.0,638000000.0,ADBE,116000000.0,116000000.0,,667000000.0,,14054000000.0,1258000000.0,12796000000.0,,,,-17000000.0,1702000000.0,0.0,923000000.0,,26191000000.0,10717000000.0,85000000.0,,,,,,,,,,,,,,,,,,,,,,,,
2022-11-30,,,,,,,,,,,,,,,,,,,,,,,,,,,,,,,,,500000000.0,500000000.0,,,,,,,,,,,,,,,,,-1569000000.0,,259000000.0,,1497000000.0,144000000.0,0.0,,,,,,,,,,,,,,ADBE,,,,,,,,,902000000.0,,,,,,,675000000.0,,,,,,,,,,,,,,,,,,,,,,,,,,,
2024-06-30,,,,31014000000.0,82800000000.0,208137000000.0,327317000000.0,106501000000.0,208137000000.0,8252000000.0,252769000000.0,303896000000.0,272938000000.0,252769000000.0,,,,,,142589000000.0,61824000000.0,1827000000.0,0.0,56183000000.0,5056000000.0,51127000000.0,80765000000.0,,14329000000.0,14329000000.0,26617000000.0,3196000000.0,23421000000.0,23421000000.0,,39819000000.0,39819000000.0,,,37988000000.0,415527000000.0,228261000000.0,22312000000.0,2342000000.0,2342000000.0,118690000000.0,,,,40073000000.0,,40073000000.0,,40073000000.0,,,,187266000000.0,12757000000.0,,,,12508000000.0,,11112000000.0,150355000000.0,106821000000.0,43534000000.0,,,BIDU,3747000000.0,807000000.0,2940000000.0,,,44632000000.0,22046000000.0,22586000000.0,,,,,,,,,,,,,20169000000.0,,,,11646000000.0,,1831000000.0,,,,,,212000000.0,,1396000000.0,67000000.0,,,212000000.0,,,,
2024-03-31,,2805219752.0,2805219752.0,50979000000.0,89397000000.0,204015000000.0,329404000000.0,139547000000.0,204015000000.0,8000000000.0,248007000000.0,306674000000.0,267763000000.0,248007000000.0,,,,,,146934000000.0,69003000000.0,1853000000.0,0.0,63553000000.0,4886000000.0,58667000000.0,77931000000.0,,13873000000.0,13873000000.0,25844000000.0,3114000000.0,22730000000.0,22730000000.0,,38214000000.0,38214000000.0,,,36739000000.0,414697000000.0,197219000000.0,19479000000.0,2256000000.0,2256000000.0,92354000000.0,,,,38849000000.0,,38849000000.0,,38849000000.0,,,,217478000000.0,13580000000.0,,,,12108000000.0,,10935000000.0,180199000000.0,149781000000.0,30418000000.0,,,BIDU,3525000000.0,707000000.0,2818000000.0,,,43992000000.0,21406000000.0,22586000000.0,,,,,,,,,,,,,19756000000.0,,,,11591000000.0,,1475000000.0,,,,,,289000000.0,,1173000000.0,72000000.0,,,289000000.0,,,,
2023-12-31,41182672.0,2805191400.0,2846374072.0,51216000000.0,84595000000.0,199815000000.0,320073000000.0,153804000000.0,199815000000.0,8148000000.0,243626000000.0,300983000000.0,262608000000.0,243626000000.0,-895000000.0,,161240000000.0,0.0,0.0,144151000000.0,67700000000.0,1820000000.0,0.0,62397000000.0,5040000000.0,57357000000.0,76451000000.0,,16326000000.0,16326000000.0,22198000000.0,3108000000.0,19090000000.0,19090000000.0,,37927000000.0,7808000000.0,2687000000.0,,,406759000000.0,176504000000.0,2428000000.0,2100000000.0,2100000000.0,72623000000.0,,46993000000.0,46993000000.0,38811000000.0,-35899000000.0,74710000000.0,540000000.0,10851000000.0,53671000000.0,,0.0,230255000000.0,3112000000.0,1396000000.0,,,16620000000.0,4348000000.0,10848000000.0,193901000000.0,168670000000.0,25231000000.0,,,BIDU,3406000000.0,681000000.0,2725000000.0,,25630000000.0,43811000000.0,21225000000.0,22586000000.0,9363000000.0,,,-3176000000.0,14024000000.0,,30119000000.0,285000000.0,3818000000.0,87099000000.0,,16536000000.0,18982000000.0,,,,11503000000.0,,1603000000.0,3723000000.0,,25630000000.0,,,195000000.0,,1424000000.0,77000000.0,347000000.0,3518000000.0,195000000.0,,,,
2023-09-30,,2805191400.0,2805191400.0,44803000000.0,87494000000.0,199211000000.0,322138000000.0,148816000000.0,199211000000.0,7783000000.0,242427000000.0,301109000000.0,260710000000.0,242427000000.0,,,,,,150324000000.0,68723000000.0,1838000000.0,0.0,63512000000.0,4830000000.0,58682000000.0,81601000000.0,,15194000000.0,15194000000.0,23982000000.0,2953000000.0,21029000000.0,21029000000.0,,42425000000.0,42425000000.0,,,37184000000.0,411034000000.0,180617000000.0,20665000000.0,1783000000.0,1783000000.0,77813000000.0,,,,36993000000.0,,36993000000.0,,36993000000.0,,,,230417000000.0,12084000000.0,,,,15674000000.0,,10712000000.0,191267000000.0,156359000000.0,34908000000.0,,,BIDU,3290000000.0,540000000.0,2750000000.0,,,43216000000.0,20630000000.0,22586000000.0,,,,,,,,,,,,,18283000000.0,,,,11392000000.0,,5241000000.0,,,,,,147000000.0,,4962000000.0,83000000.0,,,147000000.0,,,,
2023-06-30,,,,41496000000.0,91266000000.0,192808000000.0,319199000000.0,148076000000.0,192808000000.0,7710000000.0,235643000000.0,297256000000.0,253454000000.0,235643000000.0,,,,,,152868000000.0,72170000000.0,2154000000.0,0.0,66407000000.0,4794000000.0,61613000000.0,80698000000.0,,14726000000.0,14726000000.0,24859000000.0,2916000000.0,21943000000.0,21943000000.0,,41113000000.0,41113000000.0,,,36046000000.0,406322000000.0,177548000000.0,20573000000.0,1906000000.0,1906000000.0,77300000000.0,,,,34758000000.0,,34758000000.0,,34758000000.0,,,,228774000000.0,10864000000.0,,,,16430000000.0,,11624000000.0,190155000000.0,148095000000.0,42060000000.0,,,BIDU,3521000000.0,529000000.0,2992000000.0,,,42835000000.0,20249000000.0,22586000000.0,,,,,,,,,,,,,17811000000.0,,,,11325000000.0,,5067000000.0,,,,,,176000000.0,,4806000000.0,88000000.0,,,176000000.0,,,,
2023-03-31,,2796777776.0,2796777776.0,,,,,,,,,,,,,,,,,,,,,,,,,,,,,,,,,,,,,34043000000.0,,,,,,,,,,,,,,,,,,,,,,,,,,,,,,,BIDU,,,,,,,,,,,,,,,,,,,,,,,,,,,,,,,,,,,,,,,,,,,
2022-12-31,49408840.0,2796585392.0,2845994232.0,,,,,,,,,,,,546000000.0,,148341000000.0,0.0,0.0,,,,,,,,,,,,,,,,,,,3640000000.0,,,,,,,,,,48370000000.0,48370000000.0,,-32287000000.0,,490000000.0,,46159000000.0,,0.0,,,1227000000.0,,,,3970000000.0,,,,,,,BIDU,,,,,30556000000.0,,,,9320000000.0,,,-2554000000.0,14287000000.0,,30184000000.0,291000000.0,5264000000.0,79855000000.0,,16257000000.0,,,,,,,,3548000000.0,,30556000000.0,,,,,,,452000000.0,3031000000.0,,,,,
2024-06-30,872791028.0,3881564265.0,4754355293.0,92063000000.0,98128000000.0,-73738000000.0,181347000000.0,-11890000000.0,-73738000000.0,,83219000000.0,180326000000.0,83940000000.0,83219000000.0,-1822000000.0,-1822000000.0,54308000000.0,47000000.0,47000000.0,178615000000.0,143273000000.0,19914000000.0,,97107000000.0,,97107000000.0,35342000000.0,,13110000000.0,3943000000.0,1021000000.0,,1021000000.0,,,21211000000.0,11736000000.0,,,11736000000.0,262555000000.0,239103000000.0,12468000000.0,,,9171000000.0,,,,60507000000.0,-59470000000.0,119977000000.0,,,,,,23452000000.0,4220000000.0,,,,13167000000.0,,13167000000.0,6065000000.0,,6065000000.0,,,CMCSA,26252000000.0,,26252000000.0,,,156957000000.0,98581000000.0,58376000000.0,,,,-736000000.0,13903000000.0,0.0,9475000000.0,,7517000000.0,38203000000.0,,,721000000.0,,,,,,,,,,,,,,,,,,,,,,
2024-03-31,872791028.0,3935308097.0,4808099125.0,90058000000.0,96573000000.0,-75304000000.0,179122000000.0,-16346000000.0,-75304000000.0,,82549000000.0,176620000000.0,83292000000.0,82549000000.0,-1680000000.0,-1680000000.0,53425000000.0,48000000.0,48000000.0,180309000000.0,139985000000.0,19936000000.0,,94071000000.0,,94071000000.0,40324000000.0,,12613000000.0,3446000000.0,2502000000.0,,2502000000.0,,,25209000000.0,11792000000.0,,,11792000000.0,263601000000.0,239623000000.0,12304000000.0,,,9548000000.0,,,,59918000000.0,-59163000000.0,119081000000.0,,,,,,23978000000.0,4319000000.0,,,,13144000000.0,,13144000000.0,6515000000.0,,6515000000.0,,,CMCSA,25978000000.0,,25978000000.0,,,157853000000.0,99185000000.0,58668000000.0,,,,-716000000.0,13860000000.0,0.0,13417000000.0,,7517000000.0,38274000000.0,,,743000000.0,,,,,,,,,,,,,,,,,,,-1000000.0,,,
2023-12-31,872791028.0,3978762306.0,4851553334.0,90875000000.0,97090000000.0,-76682000000.0,179793000000.0,-16211000000.0,-76682000000.0,,82703000000.0,177724000000.0,83467000000.0,82703000000.0,-1253000000.0,-1253000000.0,52892000000.0,48000000.0,48000000.0,181344000000.0,141146000000.0,20122000000.0,,95021000000.0,,95021000000.0,40198000000.0,-1000000.0,12409000000.0,3242000000.0,2069000000.0,,2069000000.0,2069000000.0,,25721000000.0,12437000000.0,,,12437000000.0,264811000000.0,240789000000.0,12333000000.0,,,9385000000.0,,,,59686000000.0,-58700000000.0,118386000000.0,,88200000000.0,,2200000000.0,0.0,23987000000.0,3959000000.0,,,,13813000000.0,,13813000000.0,6215000000.0,,6215000000.0,,,CMCSA,26003000000.0,,26003000000.0,,,159385000000.0,100085000000.0,59300000000.0,20900000000.0,,,-698000000.0,14511000000.0,0.0,13284000000.0,7100000000.0,7517000000.0,38533000000.0,,,764000000.0,,,,,,,,,,,,,,,,,,,,,,
2023-09-30,872791028.0,4058507020.0,4931298048.0,96068000000.0,102503000000.0,-75746000000.0,185128000000.0,-10327000000.0,-75746000000.0,,82625000000.0,176976000000.0,83393000000.0,82625000000.0,-2525000000.0,-2525000000.0,53751000000.0,49000000.0,49000000.0,177679000000.0,143211000000.0,19768000000.0,,94351000000.0,,94351000000.0,34468000000.0,5174000000.0,3566000000.0,3566000000.0,8152000000.0,,8152000000.0,8152000000.0,,22750000000.0,12214000000.0,,,12214000000.0,261072000000.0,236932000000.0,12036000000.0,,,8360000000.0,8041000000.0,,,58165000000.0,-58316000000.0,116481000000.0,,,,,,24141000000.0,4870000000.0,,,,12836000000.0,,12836000000.0,6435000000.0,,6435000000.0,,,CMCSA,29092000000.0,,29092000000.0,,319000000.0,158371000000.0,100302000000.0,58069000000.0,,,,-684000000.0,13520000000.0,0.0,10536000000.0,,7517000000.0,38866000000.0,,,768000000.0,,,,,,,,,319000000.0,,,,,,,,,,1000000.0,,,
2023-06-30,872791028.0,4132244780.0,5005035808.0,95523000000.0,102669000000.0,-75690000000.0,186788000000.0,-8003000000.0,-75690000000.0,,84119000000.0,179091000000.0,84917000000.0,84119000000.0,-1432000000.0,-1432000000.0,53900000000.0,50000000.0,50000000.0,177230000000.0,144305000000.0,20281000000.0,,94972000000.0,,94972000000.0,32925000000.0,5173000000.0,3327000000.0,3327000000.0,7697000000.0,,7697000000.0,7697000000.0,,21901000000.0,12213000000.0,,,12213000000.0,262147000000.0,237224000000.0,12323000000.0,,,8241000000.0,7761000000.0,,,56851000000.0,-57955000000.0,114806000000.0,,,,,,24922000000.0,4797000000.0,,,,12979000000.0,,12979000000.0,7146000000.0,,7146000000.0,,,CMCSA,29052000000.0,,29052000000.0,,480000000.0,159809000000.0,100767000000.0,59042000000.0,,,,-713000000.0,13692000000.0,0.0,9688000000.0,,7517000000.0,39118000000.0,,,798000000.0,,,,,,,,,480000000.0,,,,,,,,,,,,,
2023-03-31,,,,,,,,,,,,,,,,,,,,,,,,,,,,1000000.0,,,,,,6303000000.0,,,,,,,,,,,,,7834000000.0,,,,,,,,,,,,,,,,,,,,,,,,CMCSA,,,,,464000000.0,,,,,,,,,,,,,,,,,,,,,,,,,464000000.0,,,,,,,,,,,,,
2022-12-31,,,,,,,,,,,,,,,,,,,,,,,,,,,,,,,,,,1743000000.0,,,,,,,,,,,,,7250000000.0,,,,,,,85700000000.0,43000000000.0,1700000000.0,0.0,,,,,,,,,,,,,,CMCSA,,,,,490000000.0,,,,20100000000.0,,,,,,,4900000000.0,,,,,,,,,,,,,,490000000.0,,,,,,,,,,-1000000.0,,,
2024-06-30,0.0,537000000.0,537000000.0,53344000000.0,62645000000.0,-42863000000.0,68570000000.0,5689000000.0,-42863000000.0,,5925000000.0,63042000000.0,5925000000.0,5925000000.0,-155000000.0,-155000000.0,-27124000000.0,33204000000.0,33204000000.0,84982000000.0,63465000000.0,2363000000.0,2205000000.0,57117000000.0,,57117000000.0,21517000000.0,,,,5528000000.0,,5528000000.0,,,15989000000.0,2267000000.0,,,2267000000.0,90907000000.0,63701000000.0,8816000000.0,,,,,,,6097000000.0,,,,,,,,27206000000.0,2976000000.0,7995000000.0,2635000000.0,884000000.0,6934000000.0,,6934000000.0,9301000000.0,,9301000000.0,,,AMGN,1780000000.0,,1780000000.0,,,48788000000.0,30172000000.0,18616000000.0,,,4476000000.0,,,,13722000000.0,,,,,,,,,,,,,,,,,,,,,,,,,,,,
2024-03-31,,535918901.0,535918901.0,54312000000.0,64020000000.0,-44920000000.0,69042000000.0,8315000000.0,-44920000000.0,,5022000000.0,65083000000.0,5022000000.0,5022000000.0,-190000000.0,-190000000.0,-27870000000.0,33082000000.0,33082000000.0,87958000000.0,68244000000.0,2357000000.0,3964000000.0,60061000000.0,,60061000000.0,19714000000.0,,,,3959000000.0,,3959000000.0,,,15755000000.0,1628000000.0,,,1628000000.0,92980000000.0,64951000000.0,9007000000.0,,,,,,,6002000000.0,,,,,,,,28029000000.0,2821000000.0,8724000000.0,2526000000.0,928000000.0,6776000000.0,,6776000000.0,9708000000.0,,9708000000.0,,,AMGN,1862000000.0,,1862000000.0,,,49942000000.0,31372000000.0,18570000000.0,,,5270000000.0,,,,14127000000.0,,,,,,,,,,,,,,,,,,,,,,,,,,,,
2023-12-31,0.0,535400000.0,535400000.0,53669000000.0,64613000000.0,-45038000000.0,70845000000.0,11940000000.0,-45038000000.0,,6232000000.0,69402000000.0,6232000000.0,6232000000.0,-289000000.0,9000000.0,-26549000000.0,33070000000.0,33070000000.0,90922000000.0,72530000000.0,2326000000.0,4680000000.0,63170000000.0,,63170000000.0,18392000000.0,,,,1443000000.0,,1443000000.0,,,15568000000.0,4459000000.0,1664000000.0,1664000000.0,1590000000.0,97154000000.0,66822000000.0,9611000000.0,,,,,,,5941000000.0,-9808000000.0,15749000000.0,,4813000000.0,4540000000.0,339000000.0,0.0,30332000000.0,281000000.0,9518000000.0,2778000000.0,993000000.0,7942000000.0,,7268000000.0,10944000000.0,0.0,10944000000.0,,,AMGN,2354000000.0,,2354000000.0,1381000000.0,,51270000000.0,32641000000.0,18629000000.0,4507000000.0,,5747000000.0,,,,11109000000.0,1550000000.0,,,,,,,,,,,,1647000000.0,172000000.0,,,,,,502000000.0,,936000000.0,,,,-298000000.0,0.0,1205000000.0
2023-09-30,,535100000.0,535100000.0,25727000000.0,60468000000.0,-21003000000.0,68124000000.0,31523000000.0,-21003000000.0,,7656000000.0,66696000000.0,7656000000.0,7656000000.0,-126000000.0,-126000000.0,-24971000000.0,32753000000.0,32753000000.0,82878000000.0,65924000000.0,2305000000.0,4579000000.0,59040000000.0,,59040000000.0,16954000000.0,,,,1428000000.0,,1428000000.0,,,15526000000.0,1358000000.0,,,1358000000.0,90534000000.0,42057000000.0,7835000000.0,,,,,,,5563000000.0,,,,,,,,48477000000.0,2565000000.0,5026000000.0,1185000000.0,849000000.0,6145000000.0,,6145000000.0,34741000000.0,0.0,34741000000.0,,,AMGN,,,,,,28659000000.0,13150000000.0,15509000000.0,,,2992000000.0,,,,14168000000.0,,,,,,,,,,,,,,,,,,,,,,,,,,,,
2023-06-30,,534900000.0,534900000.0,27296000000.0,61544000000.0,-23383000000.0,68325000000.0,30283000000.0,-23383000000.0,,6781000000.0,66158000000.0,6781000000.0,6781000000.0,-280000000.0,-280000000.0,-25540000000.0,32601000000.0,32601000000.0,83488000000.0,66391000000.0,2536000000.0,4478000000.0,59377000000.0,,59377000000.0,17097000000.0,,,,2167000000.0,,2167000000.0,,,14930000000.0,1212000000.0,,,1212000000.0,90269000000.0,42889000000.0,7193000000.0,,,,,,,5532000000.0,,,,,,,,47380000000.0,2324000000.0,4978000000.0,1075000000.0,855000000.0,5830000000.0,,5830000000.0,34248000000.0,0.0,34248000000.0,,,AMGN,,,,,,30164000000.0,14633000000.0,15531000000.0,,,3048000000.0,,,,13718000000.0,,,,,,,,,,,,,,,,,,,,,,,,,,,,
2023-03-31,,,,,,,,,,,,,,,,,,,,,,,,,,,,,,,,,,,,,,,,,,,,,,,,,,,,,,,,,,,,,,,,,,,1000000.0,,,,AMGN,,,,,,,,,,,,,,,,,,,,,,,,,,,,,,,,,,,,,,,,,,,
2022-12-31,,,,,,,,,,,,,,,,,,,,,,,,,,,,,,,,,,,,,,1195000000.0,1195000000.0,,,,,,,,,,,,-9283000000.0,14710000000.0,,4684000000.0,4320000000.0,292000000.0,0.0,,,,,,,,,,1676000000.0,,,,AMGN,11000000.0,,11000000.0,1099000000.0,,,,,4201000000.0,,,,,,,1213000000.0,,,548000000.0,,,,,,,,,1204000000.0,129000000.0,,,,,,700000000.0,,470000000.0,,,,-348000000.0,0.0,1137000000.0
